index	seqName	clade	qc.overallScore	qc.overallStatus	totalSubstitutions	totalDeletions	totalInsertions	totalFrameShifts	totalMissing	totalNonACGTNs	totalAminoacidSubstitutions	totalAminoacidDeletions	totalAminoacidInsertions	totalUnknownAa	alignmentScore	alignmentStart	alignmentEnd	coverage	isReverseComplement
0	hCoV-19/DominicanRepublic/Yale-2277/2021	20I (Alpha, V1)	0	good	34	19	0	0	0	0	23	6	0	0	89329	5	29854	0.9982276025816808	false
1	hCoV-19/DominicanRepublic/Yale-2278/2021	19B	70.444444	mediocre	41	9	9	0	0	1	24	3	1	1	89239	37	29851	0.9970237099956526	false
2	hCoV-19/DominicanRepublic/Yale-2279/2021	20A	735.740950	bad	15	1	0	0	7597	1	11	0	0	2473	89262	127	29903	0.7416981573755141	false
3	hCoV-19/DominicanRepublic/Yale-2280/2021	20A	1	good	24	2	0	0	0	1	16	0	0	1	89334	39	29854	0.9970571514563756	false
4	hCoV-19/DominicanRepublic/Yale-2281/2021	20A	3.777778	good	28	2	0	0	30	1	20	0	0	1	89462	39	29902	0.9976590977493895	false
5	hCoV-19/DominicanRepublic/Yale-2282/2021	20A	95.233759	mediocre	21	2	0	0	2921	1	14	0	0	959	89460	50	29903	0.900645420191954	false
6	hCoV-19/DominicanRepublic/Yale-2283/2021	20A	0	good	26	2	0	0	0	0	18	0	0	0	89191	38	29808	0.9955857271845634	false
7	hCoV-19/DominicanRepublic/Yale-2284/2021	21F (Iota)	136.111111	bad	25	33	0	0	0	0	20	3	0	0	89335	5	29855	0.9982610440424038	false
8	hCoV-19/DominicanRepublic/Yale-2285/2021	20I (Alpha, V1)	12.810754	good	34	19	0	0	652	0	21	6	0	219	89245	17	29838	0.9754874092900376	false
9	hCoV-19/DominicanRepublic/Yale-2287/2021	20I (Alpha, V1)	1	good	34	19	0	0	15	1	23	6	0	1	89467	8	29903	0.9992308464033708	false
10	hCoV-19/DominicanRepublic/Yale-2290/2020	20A	4.340278	good	14	0	0	0	159	0	6	0	0	0	89539	39	29903	0.993412032237568	false
11	hCoV-19/DominicanRepublic/21877/2021	20A	0	good	26	2	0	0	0	0	18	0	0	0	89197	8	29780	0.9956526101060096	false
12	hCoV-19/DominicanRepublic/21878/2021	20A	1.562500	good	27	2	0	0	0	0	18	0	0	0	89184	9	29778	0.9955522857238404	false
13	hCoV-19/DominicanRepublic/21879/2021	20A	0	good	24	2	0	0	227	0	18	0	0	122	89052	57	29778	0.9863558840250142	false
14	hCoV-19/DominicanRepublic/21880/2021	20A	4.340278	good	29	2	0	0	0	0	20	0	0	0	89083	40	29778	0.9945156004414272	false
15	hCoV-19/DominicanRepublic/21883/2021	20A	0.694444	good	26	2	0	0	0	0	18	0	0	0	89110	37	29780	0.9946828077450424	false
16	hCoV-19/DominicanRepublic/21885/2021	20J (Gamma, V3)	0	good	35	9	4	0	0	0	22	3	0	0	89043	40	29780	0.9945824833628732	false
17	hCoV-19/DominicanRepublic/21886/2021	20J (Gamma, V3)	0	good	35	9	4	0	0	0	23	3	0	0	89034	41	29778	0.9944821589807042	false
18	hCoV-19/DominicanRepublic/21889/2021	20C	2.777778	good	32	13	0	0	0	0	24	4	0	0	89126	8	29778	0.9955857271845634	false
19	hCoV-19/DominicanRepublic/21891/2021	20A	2.777778	good	31	2	0	0	5	0	19	0	0	2	89072	41	29778	0.9943149516770892	false
20	hCoV-19/DominicanRepublic/21892/2021	20A	0	good	26	2	0	0	0	0	18	0	0	0	89113	39	29783	0.9947162492057652	false
21	hCoV-19/DominicanRepublic/21893/2021	20A	0.173611	good	28	2	0	0	0	0	16	0	0	0	89096	38	29779	0.9946159248235964	false
22	hCoV-19/DominicanRepublic/21895/2021	19B	25	good	40	9	9	0	0	0	25	3	1	0	89069	24	29780	0.9951175467344412	false
23	hCoV-19/DominicanRepublic/21897/2021	19B	25	good	40	9	9	0	0	0	25	3	1	0	89105	12	29780	0.9955188442631174	false
24	hCoV-19/DominicanRepublic/21898/2021	20A	0.694444	good	26	2	0	0	10	0	17	0	0	4	89095	40	29778	0.9941811858341972	false
25	hCoV-19/DominicanRepublic/21901/2021	20A	0	good	26	2	0	0	0	0	16	0	0	0	89101	40	29780	0.9945824833628732	false
26	hCoV-19/DominicanRepublic/21903/2021	20A	0.173611	good	28	2	0	0	0	0	18	0	0	0	89138	25	29780	0.9950841052737184	false
27	hCoV-19/DominicanRepublic/21906/2021	20A	14.062500	good	33	2	6	0	0	0	19	0	1	0	89168	5	29779	0.9957194930274554	false
28	hCoV-19/DominicanRepublic/21910/2021	20A	0	good	25	3	0	1	0	0	16	1	0	1	89095	40	29780	0.9945824833628732	false
29	hCoV-19/DominicanRepublic/21911/2021	20A	84.027778	mediocre	33	2	0	0	0	0	22	0	0	0	89178	5	29780	0.9957529344881784	false
30	hCoV-19/DominicanRepublic/21915/2021	20C	0	good	36	51	0	0	0	0	23	17	0	0	88898	40	29780	0.9945824833628732	false
31	hCoV-19/DominicanRepublic/21916/2021	20C	0	good	28	13	0	0	0	0	24	4	0	0	89046	40	29778	0.9945156004414272	false
32	hCoV-19/DominicanRepublic/21917/2021	20A	34.027778	mediocre	30	31	0	1	0	0	19	11	0	19	88990	40	29778	0.9945156004414272	false
33	hCoV-19/DominicanRepublic/21918/2021	20A	11.111111	good	35	30	0	0	59	0	21	10	0	22	88980	40	29778	0.99254255425877	false
34	hCoV-19/DominicanRepublic/21919/2021	20A	0	good	26	2	0	0	0	0	16	0	0	0	89095	40	29778	0.9945156004414272	false
35	hCoV-19/DominicanRepublic/21920/2021	20A	1.562500	good	22	19	9	1	0	0	16	7	1	19	89042	40	29780	0.9945824833628732	false
36	hCoV-19/DominicanRepublic/21922/2021	19B	0	good	33	9	9	0	0	0	19	3	1	0	89157	3	29779	0.9957863759489014	false
37	hCoV-19/DominicanRepublic/21925/2021	20A	17.361111	good	31	2	0	0	0	0	20	0	0	0	89084	40	29781	0.9946159248235964	false
38	hCoV-19/DominicanRepublic/21926/2021	20A	17.361111	good	31	2	0	0	0	0	19	0	0	0	89177	8	29780	0.9956526101060096	false
39	hCoV-19/DominicanRepublic/Yale-5396/2021	20A	5.121001	good	21	5	0	0	911	0	14	1	0	309	89228	55	29836	0.9654884125338596	false
40	hCoV-19/DominicanRepublic/Yale-5382/2021	20A	2.765446	good	23	2	0	0	749	0	15	0	0	253	89236	55	29836	0.9709059291709862	false
41	hCoV-19/DominicanRepublic/Yale-5390/2021	20A	15.392061	good	15	0	0	0	455	1	10	0	0	157	89286	55	29836	0.9807042771628264	false
42	hCoV-19/DominicanRepublic/Yale-5401/2021	20A	0.051043	good	22	2	0	0	361	0	14	0	0	122	89240	55	29836	0.983881215931512	false
43	hCoV-19/DominicanRepublic/Yale-5379/2021	20A	30.087257	mediocre	20	2	0	0	1781	0	12	0	0	650	89248	55	29836	0.9363943417048456	false
44	hCoV-19/DominicanRepublic/Yale-5355/2021	20A	325.870178	bad	21	2	0	0	5144	2	14	0	0	1770	89244	55	29836	0.8238638263719359	false
45	hCoV-19/DominicanRepublic/Yale-5415/2021	20A	146.768738	bad	19	1	0	0	3571	0	13	0	0	1200	88748	55	29665	0.870815637227034	false
46	hCoV-19/DominicanRepublic/Yale-5393/2021	20E (EU1)	178.035034	bad	18	0	0	0	3077	4	8	0	0	1023	89274	55	29836	0.89292044276494	false
47	hCoV-19/DominicanRepublic/Yale-5365/2021	20C	4.340278	good	19	6	0	0	0	0	14	2	0	0	89244	55	29836	0.9959535832525164	false
48	hCoV-19/DominicanRepublic/Yale-5395/2021	20A	0	good	22	5	0	0	13	0	15	1	0	5	89224	55	29836	0.9955188442631174	false
49	hCoV-19/DominicanRepublic/Yale-5430/2021	21F (Iota)	189.062500	bad	27	33	0	0	0	0	21	3	0	0	89276	3	29836	0.9976925392101128	false
50	hCoV-19/DominicanRepublic/Yale-5351/2021	20A	12.111111	good	22	2	0	0	5	1	15	0	0	5	89240	55	29836	0.9957529344881784	false
51	hCoV-19/DominicanRepublic/Yale-5352/2021	20A	2.777778	good	25	2	0	0	14	0	17	0	0	6	89330	21	29836	0.9966224124669766	false
52	hCoV-19/DominicanRepublic/Yale-5354/2021	20A	0	good	24	2	0	0	0	0	15	0	0	0	89328	23	29836	0.9970237099956526	false
53	hCoV-19/DominicanRepublic/Yale-5360/2021	20A	0	good	24	2	0	0	0	0	18	0	0	0	89232	55	29836	0.9959535832525164	false
54	hCoV-19/DominicanRepublic/Yale-5378/2021	20A	0	good	24	2	0	0	0	0	15	0	0	0	89346	17	29836	0.9972243587599906	false
55	hCoV-19/DominicanRepublic/Yale-5391/2021	20A	0	good	24	2	0	0	15	0	14	0	0	6	89277	40	29836	0.9959535832525164	false
56	hCoV-19/DominicanRepublic/Yale-5392/2021	20A	0	good	24	2	0	0	7	0	17	0	0	3	89274	41	29836	0.9961876734775776	false
57	hCoV-19/DominicanRepublic/Yale-5402/2021	20A	0	good	21	2	0	0	218	0	13	0	0	74	89244	55	29836	0.9886633448149016	false
58	hCoV-19/DominicanRepublic/Yale-5408/2021	20A	0	good	21	2	0	0	57	0	15	0	0	22	89244	55	29836	0.9940474199913052	false
59	hCoV-19/DominicanRepublic/Yale-5416/2021	20C	0	good	27	16	0	0	220	0	22	5	0	75	89163	55	29836	0.9885964618934556	false
60	hCoV-19/DominicanRepublic/Yale-5417/2021	20C	0	good	27	13	0	0	18	0	22	4	0	6	89179	55	29836	0.9953516369595024	false
61	hCoV-19/DominicanRepublic/Yale-5368/2021	20A	40.062500	mediocre	23	0	0	0	38	1	13	0	0	15	89254	55	29836	0.9946493662843192	false
62	hCoV-19/DominicanRepublic/Yale-5398/2021	20A	2.777778	good	16	0	0	0	0	0	8	0	0	0	89399	16	29836	0.9972578002207136	false
63	hCoV-19/DominicanRepublic/Yale-5399/2021	20A	2.777778	good	16	0	0	0	7	0	8	0	0	4	89282	55	29836	0.9957194930274554	false
64	hCoV-19/DominicanRepublic/21877-1P/2021	20A	0	good	24	2	0	0	131	0	16	0	0	45	89463	5	29863	0.9941477443734742	false
65	hCoV-19/DominicanRepublic/21878-2P/2021	20A	0.173611	good	24	2	0	0	194	0	16	0	0	66	89352	40	29861	0.9908035983011738	false
66	hCoV-19/DominicanRepublic/21892-2P/2021	20A	0	good	23	2	0	0	42	0	15	0	0	17	89377	35	29863	0.9961207905561316	false
67	hCoV-19/DominicanRepublic/UNIBE001S/2021	21F (Iota)	56.516327	mediocre	24	21	0	0	1428	0	19	7	0	483	89173	55	29836	0.9481991773400662	false
68	hCoV-19/DominicanRepublic/UNIBE002/2021	21H (Mu)	44.444444	mediocre	22	4	3	1	28	0	14	2	1	39	89232	55	29836	0.9950172223522724	false
69	hCoV-19/DominicanRepublic/UNIBE004/2021	21F (Iota)	50.173611	mediocre	26	9	0	0	10	0	17	3	0	7	88695	55	29665	0.9899006788616528	false
70	hCoV-19/DominicanRepublic/UNIBE005/2021	20J (Gamma, V3)	424.970590	bad	31	9	4	0	5866	0	17	3	0	2012	88669	55	29665	0.794067484867739	false
71	hCoV-19/DominicanRepublic/Yale-5432/2021	21F (Iota)	146.006944	bad	26	33	0	0	0	0	21	3	0	0	89124	55	29836	0.9959535832525164	false
72	hCoV-19/DominicanRepublic/Yale-5433/2021	20I (Alpha, V1)	8.506944	good	34	19	0	0	0	0	21	6	0	0	89278	4	29836	0.9976590977493895	false
73	hCoV-19/DominicanRepublic/Yale-5441/2021	21F (Iota)	44.444444	mediocre	23	10	0	0	27	0	18	3	0	9	88698	55	29665	0.9893321740293616	false
74	hCoV-19/DominicanRepublic/Yale-5442/2021	21F (Iota)	11.111111	good	18	10	0	0	0	0	15	3	0	0	89357	13	29836	0.9973581246028826	false
75	hCoV-19/DominicanRepublic/Yale-5445/2021	20C	2.777778	good	32	13	0	0	196	0	26	4	0	68	89159	55	29836	0.9893990569508077	false
76	hCoV-19/DominicanRepublic/Yale-5446/2021	20C	91.250415	mediocre	28	13	0	0	2857	0	24	4	0	958	89175	55	29836	0.900411329966893	false
77	hCoV-19/DominicanRepublic/Yale-5447/2021	21F (Iota)	50.173611	mediocre	24	10	0	0	0	0	18	3	0	0	89360	4	29836	0.9976590977493895	false
78	hCoV-19/DominicanRepublic/Yale-5449/2021	21F (Iota)	136.111111	bad	25	33	0	0	237	0	20	3	0	82	89173	40	29836	0.9885295789720095	false
79	hCoV-19/DominicanRepublic/Yale-5451/2021	20I (Alpha, V1)	25	good	39	19	0	0	7	0	25	6	0	4	89234	12	29836	0.9971574758385446	false
80	hCoV-19/DominicanRepublic/Yale-5452/2021	20C	1.602500	good	38	51	0	0	354	0	25	17	0	120	89169	3	29836	0.9858542621141692	false
81	hCoV-19/DominicanRepublic/Yale-5453/2021	20J (Gamma, V3)	0	good	37	9	4	0	0	0	24	3	0	0	89299	8	29836	0.9975253319064976	false
82	hCoV-19/DominicanRepublic/Yale-5454/2021	20C	0.694444	good	30	13	0	0	291	0	23	4	0	102	89212	40	29836	0.9867237400929671	false
83	hCoV-19/DominicanRepublic/Yale-5455/2021	21F (Iota)	136.111111	bad	25	33	0	0	0	0	20	3	0	0	89278	5	29836	0.9976256562886668	false
84	hCoV-19/DominicanRepublic/Yale-5456/2021	21F (Iota)	146.977534	bad	26	33	0	0	566	0	21	3	0	192	89124	55	29836	0.977025716483296	false
85	hCoV-19/DominicanRepublic/Yale-5457/2021	21F (Iota)	157.761989	bad	27	33	0	0	632	0	21	3	0	218	89120	55	29836	0.9748185800755778	false
86	hCoV-19/DominicanRepublic/Yale-5459/2021	20J (Gamma, V3)	0	good	35	9	4	0	0	0	23	3	0	0	89325	2	29836	0.9977259806708356	false
87	hCoV-19/DominicanRepublic/Yale-5460/2021	20J (Gamma, V3)	0	good	38	9	4	0	288	0	25	3	0	97	89154	55	29836	0.9863224425642912	false
88	hCoV-19/DominicanRepublic/Yale-5463/2021	20C	0.694444	good	30	13	0	0	0	0	23	4	0	0	89317	5	29836	0.9976256562886668	false
89	hCoV-19/DominicanRepublic/Yale-5477/2021	20J (Gamma, V3)	0	good	35	9	4	0	54	0	23	3	0	19	89319	4	29836	0.9958532588703476	false
90	hCoV-19/DominicanRepublic/Yale-5479/2021	21F (Iota)	56.250000	mediocre	25	10	0	0	10	0	20	3	0	4	89203	55	29836	0.9956191686452864	false
91	hCoV-19/DominicanRepublic/Yale-5480/2021	20C	146.115312	bad	33	45	0	0	3320	0	21	15	0	1117	88545	55	29665	0.8792094438685082	false
92	hCoV-19/DominicanRepublic/Yale-5487/2021	21F (Iota)	180.014846	bad	23	10	0	0	2274	0	20	3	0	770	87834	343	29665	0.9045580710965456	false
93	hCoV-19/DominicanRepublic/Yale-5488/2021	20J (Gamma, V3)	0	good	38	9	4	0	0	0	26	3	0	0	89310	3	29836	0.9976925392101128	false
94	hCoV-19/DominicanRepublic/Yale-5489/2021	20J (Gamma, V3)	7.250000	good	37	9	4	0	0	1	25	3	0	1	89320	1	29836	0.9977259806708356	false
95	hCoV-19/DominicanRepublic/Yale-5491/2021	20C	0.694444	good	30	13	0	0	0	0	24	4	0	0	89308	8	29836	0.9975253319064976	false
96	hCoV-19/DominicanRepublic/Yale-5493/2021	20J (Gamma, V3)	330.472716	bad	36	9	4	0	5019	5	23	3	0	1693	89078	55	29808	0.8270073236798984	false
97	hCoV-19/DominicanRepublic/Yale-5496/2021	20I (Alpha, V1)	1	good	36	19	0	0	5	1	25	6	0	3	89117	55	29836	0.9957529344881784	false
98	hCoV-19/DominicanRepublic/Yale-5499/2021	20A	0.694444	good	26	2	0	0	0	0	20	0	0	0	89269	40	29836	0.9964552051633616	false
99	hCoV-19/DominicanRepublic/Yale-5502/2021	20A	1.562500	good	27	2	0	0	15	0	21	0	0	6	89220	55	29836	0.9954519613416714	false
100	hCoV-19/DominicanRepublic/Yale-5503/2021	20A	208.722277	bad	19	1	0	0	3623	1	12	0	0	1218	88748	55	29665	0.8690432398087149	false
101	hCoV-19/DominicanRepublic/Yale-5504/2021	20A	4	good	22	2	0	0	19	2	15	0	0	10	89240	55	29836	0.9952513125773332	false
102	hCoV-19/DominicanRepublic/Yale-5505/2021	20B	0.694787	good	21	0	0	0	305	0	13	0	0	104	89262	55	29836	0.9857539377320002	false
103	hCoV-19/DominicanRepublic/Yale-5506/2021	20A	0	good	22	2	0	0	35	0	14	0	0	14	89240	55	29836	0.9947831321272114	false
104	hCoV-19/DominicanRepublic/Yale-5507/2021	20A	0	good	24	2	0	0	0	0	17	0	0	0	89349	16	29836	0.9972578002207136	false
105	hCoV-19/DominicanRepublic/Yale-5508/2021	20A	8.506944	good	26	2	0	0	212	0	17	0	0	72	89224	55	29836	0.9888639935792396	false
106	hCoV-19/DominicanRepublic/Yale-5510/2021	20A	0	good	25	2	0	0	15	0	18	0	0	6	89228	55	29836	0.9954519613416714	false
107	hCoV-19/DominicanRepublic/Yale-5518/2021	20A	5.715364	good	22	2	0	0	905	0	14	0	0	311	89240	55	29836	0.9656890612981976	false
108	hCoV-19/DominicanRepublic/Yale-5519/2021	20A	0	good	25	2	0	0	15	0	15	0	0	6	89228	55	29836	0.9954519613416714	false
109	hCoV-19/DominicanRepublic/Yale-5524/2021	20A	0	good	23	2	0	0	73	0	15	0	0	27	89236	55	29836	0.9935123566197372	false
110	hCoV-19/DominicanRepublic/Yale-5525/2021	20A	0	good	25	2	0	0	0	0	16	0	0	0	89378	5	29836	0.9976256562886668	false
111	hCoV-19/DominicanRepublic/Yale-5527/2021	20C	76.770031	mediocre	23	0	3	0	423	0	17	0	1	141	89247	55	29836	0.9818078453666856	false
112	hCoV-19/DominicanRepublic/Yale-5529/2021	21C (Epsilon)	55.963735	mediocre	26	0	0	0	1410	0	15	0	0	476	89242	55	29836	0.9488011236330804	false
113	hCoV-19/DominicanRepublic/Yale-5533/2021	20A	0.831619	good	25	2	0	0	400	0	19	0	0	138	89228	55	29836	0.9825769989633149	false
114	hCoV-19/DominicanRepublic/Yale-5534/2021	20A	2.777778	good	28	2	0	0	0	0	18	0	0	0	89360	7	29836	0.9975587733672208	false
115	hCoV-19/DominicanRepublic/Yale-5535/2021	20A	17.504444	good	24	2	0	0	1407	0	16	0	0	477	89232	55	29836	0.9489014480152492	false
116	hCoV-19/DominicanRepublic/Yale-5540/2021	20A	0	good	23	2	0	0	0	0	15	0	0	0	89236	55	29836	0.9959535832525164	false
117	hCoV-19/DominicanRepublic/Yale-5541/2021	20A	3.030178	good	22	2	0	0	770	0	13	0	0	259	89240	55	29836	0.9702036584958031	false
118	hCoV-19/DominicanRepublic/Yale-5544/2021	20A	2.753141	good	21	2	0	0	748	0	15	0	0	254	89244	55	29836	0.9709393706317092	false
119	hCoV-19/DominicanRepublic/Yale-5545/2021	20C	4.340278	good	17	0	0	0	5	0	9	0	0	2	89278	55	29836	0.9957863759489014	false
120	hCoV-19/DominicanRepublic/Yale-5548/2021	20G	0	good	21	0	0	0	82	0	12	0	0	30	89262	55	29836	0.99321138347323	false
121	hCoV-19/DominicanRepublic/Yale-5577/2021	20I (Alpha, V1)	14.062500	good	36	19	0	0	159	0	23	6	0	56	89117	55	29836	0.9906363909975588	false
122	hCoV-19/DominicanRepublic/21895-3P/2021	19B	34.027778	mediocre	42	9	9	0	0	0	27	3	1	0	89370	3	29862	0.9985620171889108	false
123	hCoV-19/DominicanRepublic/21901-2P/2021	20A	11.111111	good	24	2	0	0	136	0	14	0	0	47	89334	40	29855	0.99254255425877	false
124	hCoV-19/DominicanRepublic/21916-2P/2021	20C	0	good	28	13	0	0	0	0	24	4	0	0	89286	40	29858	0.9971909172992676	false
125	hCoV-19/DominicanRepublic/33883/2021	21H (Mu)	25	good	44	0	0	0	92	0	30	0	0	32	89236	49	29852	0.993612681001906	false
126	hCoV-19/DominicanRepublic/33884/2021	20C	200.694444	bad	31	12	0	0	0	0	21	4	0	0	89259	40	29850	0.9969233856134836	false
127	hCoV-19/DominicanRepublic/33885/2021	20A	711.111111	bad	26	4	0	1	0	0	18	2	0	19	89292	49	29853	0.9967227368491456	false
128	hCoV-19/DominicanRepublic/33886/2021	20A	711.111111	bad	25	0	0	0	0	0	16	0	0	0	89300	51	29850	0.9965555295455304	false
129	hCoV-19/DominicanRepublic/33887/2021	20J (Gamma, V3)	0	good	36	9	4	0	0	0	25	3	0	0	88373	332	29850	0.9871584790823664	false
130	hCoV-19/DominicanRepublic/33889/2021	20J (Gamma, V3)	0.570864	good	39	9	4	0	504	0	27	3	0	171	89027	111	29851	0.9777279871584792	false
131	hCoV-19/DominicanRepublic/33890/2021	21H (Mu)	1344.444444	bad	32	0	0	0	0	0	22	0	0	0	89305	41	29851	0.9969233856134836	false
132	hCoV-19/DominicanRepublic/33892/2021	21H (Mu)	1375.173611	bad	31	0	0	0	0	0	19	0	0	0	89324	41	29856	0.9970905929170988	false
133	hCoV-19/DominicanRepublic/33893/2021	20A	802.777778	bad	25	0	0	0	0	0	17	0	0	0	89330	41	29850	0.9968899441527606	false
134	hCoV-19/DominicanRepublic/33894/2021	20B	950.694444	bad	32	0	0	0	0	0	21	0	0	0	89320	41	29856	0.9970905929170988	false
135	hCoV-19/DominicanRepublic/33895/2021	20I (Alpha, V1)	17.361111	good	37	19	0	0	0	0	25	6	0	0	89212	40	29854	0.9970571514563756	false
136	hCoV-19/DominicanRepublic/33896/2021	21H (Mu)	189.062500	bad	41	0	0	0	129	0	29	0	0	45	89236	51	29850	0.992241581112263	false
137	hCoV-19/DominicanRepublic/33897/2021	21H (Mu)	11.111111	good	35	4	3	1	0	0	23	2	1	19	89276	40	29853	0.9970237099956526	false
138	hCoV-19/DominicanRepublic/33898/2021	21H (Mu)	0.694444	good	36	4	3	1	0	0	24	2	1	19	89278	40	29855	0.9970905929170988	false
139	hCoV-19/DominicanRepublic/33899/2021	21H (Mu)	0	good	39	4	0	1	0	0	25	2	0	19	89264	40	29852	0.9969902685349296	false
140	hCoV-19/DominicanRepublic/33902/2021	20A	976.562500	bad	28	10	0	0	170	0	21	3	0	58	89293	41	29856	0.9914055445941878	false
141	hCoV-19/DominicanRepublic/33903/2021	21H (Mu)	0	good	39	4	3	1	0	0	25	2	1	19	89257	41	29853	0.9969902685349296	false
142	hCoV-19/DominicanRepublic/33904/2021	21G (Lambda)	6.250000	good	35	9	0	0	0	0	22	3	0	0	89250	49	29856	0.9968230612313146	false
143	hCoV-19/DominicanRepublic/33905/2021	21J (Delta)	1771.006944	bad	32	10	0	0	0	0	24	3	0	0	89286	41	29859	0.9971909172992676	false
144	hCoV-19/DominicanRepublic/33906/2021	20A	1225	bad	35	0	3	0	0	0	26	0	1	0	89298	41	29855	0.9970571514563756	false
145	hCoV-19/DominicanRepublic/33907/2021	20J (Gamma, V3)	1254.340278	bad	42	15	4	0	0	0	28	5	0	0	89223	35	29853	0.9971909172992676	false
146	hCoV-19/DominicanRepublic/33908/2021	20C	1667.361111	bad	35	0	0	0	0	0	23	0	0	0	89347	24	29852	0.9975253319064976	false
147	hCoV-19/DominicanRepublic/33909/2021	21H (Mu)	0	good	39	4	3	1	0	0	25	2	1	19	89272	41	29858	0.9971574758385446	false
148	hCoV-19/DominicanRepublic/33911/2021	21J (Delta)	2256.250000	bad	36	0	3	0	0	0	27	0	1	0	89285	41	29852	0.9969568270742066	false
149	hCoV-19/DominicanRepublic/33912/2021	20C	29.340278	good	35	13	0	0	0	0	27	4	0	0	89240	41	29853	0.9969902685349296	false
150	hCoV-19/DominicanRepublic/33914/2021	20J (Gamma, V3)	0	good	40	9	4	0	134	0	26	3	0	42	88996	115	29846	0.9898003544794836	false
151	hCoV-19/DominicanRepublic/33915/2021	21H (Mu)	0	good	45	4	3	1	0	0	27	2	1	19	89308	18	29855	0.9978263050530048	false
152	hCoV-19/DominicanRepublic/33916/2021	21G (Lambda)	0	good	36	9	0	0	0	0	23	3	0	0	89354	13	29856	0.9980269538173429	false
153	hCoV-19/DominicanRepublic/33917/2021	20A	600.694444	bad	31	10	0	1	191	0	17	4	0	1097	89238	49	29850	0.9902350934688828	false
154	hCoV-19/DominicanRepublic/33918/2021	20J (Gamma, V3)	0.694444	good	40	9	4	0	38	0	27	3	0	13	89179	41	29833	0.9950506638129952	false
155	hCoV-19/DominicanRepublic/33920/2021	21G (Lambda)	0	good	35	15	0	0	40	0	22	5	0	14	89236	41	29852	0.9956191686452864	false
156	hCoV-19/DominicanRepublic/33921/2021	20J (Gamma, V3)	0	good	39	9	4	0	0	0	24	3	0	0	89357	3	29853	0.9982610440424038	false
157	hCoV-19/DominicanRepublic/33922/2021	21F (Iota)	200.694444	bad	31	33	0	0	0	0	23	3	0	0	89197	40	29852	0.9969902685349296	false
158	hCoV-19/DominicanRepublic/33923/2021	21H (Mu)	0	good	39	4	3	1	0	0	23	2	1	19	89341	18	29858	0.9979266294351736	false
159	hCoV-19/DominicanRepublic/33924/2021	20J (Gamma, V3)	0	good	39	9	4	0	0	0	25	3	0	0	89321	13	29851	0.9978597465137278	false
160	hCoV-19/DominicanRepublic/33925/2021	20J (Gamma, V3)	0	good	41	9	4	0	0	0	25	3	0	0	89259	41	29861	0.9972578002207136	false
161	hCoV-19/DominicanRepublic/33926/2021	20J (Gamma, V3)	0	good	39	9	4	0	0	0	25	3	0	0	89186	40	29833	0.9963548807811924	false
162	hCoV-19/DominicanRepublic/33927/2021	20C	11.111111	good	28	21	0	1	0	0	20	7	0	60	89354	5	29856	0.9982944855031268	false
163	hCoV-19/DominicanRepublic/33929/2021	21H (Mu)	0.137174	good	39	4	3	1	400	0	26	2	1	158	89254	41	29852	0.9835802427850048	false
164	hCoV-19/DominicanRepublic/Yale-6227/2021	20C	2.384444	good	39	53	0	0	651	0	27	17	0	221	89075	29	29836	0.9750526703006388	false
165	hCoV-19/DominicanRepublic/Yale-6212/2021	20A	11.659808	good	31	2	0	0	500	0	17	0	0	169	89204	55	29836	0.9792328528910142	false
166	hCoV-19/DominicanRepublic/Yale-6217/2021	20C	1.153827	good	40	51	0	0	483	0	25	17	0	164	89005	55	29836	0.9798013577233052	false
167	hCoV-19/DominicanRepublic/Yale-6260/2021	20C	2.024005	good	40	51	0	0	455	1	26	17	0	155	89005	55	29836	0.9807042771628264	false
168	hCoV-19/DominicanRepublic/Yale-6226/2021	20J (Gamma, V3)	0.257462	good	36	9	4	0	437	0	24	3	0	149	88748	22	29665	0.9767247433367888	false
169	hCoV-19/DominicanRepublic/Yale-6199/2021	20C	1.794324	good	41	51	0	0	430	0	27	17	0	145	89052	38	29836	0.9821422599739156	false
170	hCoV-19/DominicanRepublic/Yale-6216/2021	20C	0.231824	good	38	51	0	0	430	0	23	17	0	145	89013	55	29836	0.9815737551416246	false
171	hCoV-19/DominicanRepublic/Yale-6228/2021	20C	0.926269	good	40	51	0	0	430	0	26	17	0	145	89152	6	29836	0.9832123867170518	false
172	hCoV-19/DominicanRepublic/Yale-6246/2021	20C	0.231824	good	35	51	0	0	430	0	23	17	0	145	89172	6	29836	0.9832123867170518	false
173	hCoV-19/DominicanRepublic/Yale-6247/2021	20C	0.231824	good	36	51	0	0	430	0	24	17	0	145	89057	43	29836	0.9819750526703006	false
174	hCoV-19/DominicanRepublic/Yale-6257/2021	20C	0.926269	good	40	51	0	0	430	0	25	17	0	145	88945	55	29816	0.9809049259271644	false
175	hCoV-19/DominicanRepublic/Yale-6243/2021	20J (Gamma, V3)	0.007901	good	35	12	4	0	324	0	23	4	0	111	89297	6	29836	0.9867571815536904	false
176	hCoV-19/DominicanRepublic/Yale-6266/2021	20J (Gamma, V3)	0.004444	good	37	9	4	0	318	0	25	3	0	109	88645	55	29665	0.9796007089589672	false
177	hCoV-19/DominicanRepublic/Yale-6206/2021	20I (Alpha, V1)	1.562500	good	36	19	0	0	0	0	21	6	0	0	89243	13	29836	0.9973581246028826	false
178	hCoV-19/DominicanRepublic/Yale-6214/2021	20I (Alpha, V1)	21.006944	good	41	19	0	0	0	0	25	6	0	0	89253	3	29836	0.9976925392101128	false
179	hCoV-19/DominicanRepublic/Yale-6201/2021	20I (Alpha, V1)	50.173611	mediocre	37	61	0	0	0	0	24	20	0	0	89130	5	29836	0.9976256562886668	false
180	hCoV-19/DominicanRepublic/Yale-6200/2021	20I (Alpha, V1)	17.361111	good	37	19	0	0	0	0	25	6	0	0	89113	55	29836	0.9959535832525164	false
181	hCoV-19/DominicanRepublic/Yale-6218/2021	20C	494.502346	bad	27	13	0	0	6189	4	21	4	0	2080	89179	55	29836	0.7888506169949503	false
182	hCoV-19/DominicanRepublic/Yale-6210/2021	20J (Gamma, V3)	0	good	39	9	4	0	255	0	26	3	0	86	89264	17	29836	0.9886967862756244	false
183	hCoV-19/DominicanRepublic/Yale-6213/2021	20J (Gamma, V3)	0	good	39	9	4	0	132	0	25	3	0	45	89297	6	29836	0.9931779420125072	false
184	hCoV-19/DominicanRepublic/Yale-6230/2021	20J (Gamma, V3)	0	good	39	9	4	0	288	0	26	3	0	97	89150	55	29836	0.9863224425642912	false
185	hCoV-19/DominicanRepublic/Yale-6238/2021	20J (Gamma, V3)	0	good	38	9	4	0	123	0	25	3	0	42	89301	6	29836	0.993478915159014	false
186	hCoV-19/DominicanRepublic/Yale-6249/2021	20J (Gamma, V3)	0	good	41	9	4	0	244	0	28	3	0	83	89259	16	29836	0.9890980838043004	false
187	hCoV-19/DominicanRepublic/Yale-6255/2021	20J (Gamma, V3)	0	good	36	9	4	0	160	0	24	3	0	55	89312	5	29836	0.992275022572986	false
188	hCoV-19/DominicanRepublic/Yale-6264/2021	20J (Gamma, V3)	0	good	37	9	4	0	250	0	24	3	0	84	89158	55	29836	0.9875932180717654	false
189	hCoV-19/DominicanRepublic/Yale-6269/2021	20J (Gamma, V3)	0	good	40	9	4	0	160	0	27	3	0	54	89296	5	29836	0.992275022572986	false
190	hCoV-19/DominicanRepublic/Yale-6235/2021	20J (Gamma, V3)	0	good	38	12	4	0	288	0	25	4	0	97	89270	11	29836	0.9877938668361034	false
191	hCoV-19/DominicanRepublic/Yale-6256/2021	20J (Gamma, V3)	0	good	36	12	4	0	209	0	24	4	0	72	89272	13	29836	0.9903688593117748	false
192	hCoV-19/DominicanRepublic/Yale-6261/2021	20J (Gamma, V3)	0	good	38	12	4	0	122	0	25	4	0	42	89279	8	29836	0.9934454736982912	false
193	hCoV-19/DominicanRepublic/Yale-6258/2021	20C	193.777778	bad	37	9	0	0	7	4	24	3	0	7	89311	6	29836	0.9972243587599906	false
194	hCoV-19/DominicanRepublic/Yale-6244/2021	20C	0.694444	good	40	51	0	0	226	0	25	17	0	77	89005	55	29836	0.9883958131291176	false
195	hCoV-19/DominicanRepublic/Yale-6245/2021	21G (Lambda)	0.694444	good	34	30	0	0	0	0	21	10	0	0	89258	4	29836	0.9976590977493895	false
196	hCoV-19/DominicanRepublic/Yale-6222/2021	20D	2.777778	good	40	3	0	0	199	0	27	1	0	69	89170	55	29836	0.9892987325686388	false
197	hCoV-19/DominicanRepublic/Yale-6225/2021	20A	8.506944	good	27	2	0	0	212	0	17	0	0	72	89367	6	29836	0.9905026251546668	false
198	hCoV-19/DominicanRepublic/Yale-6239/2021	20A	5.340278	good	29	2	0	0	140	1	20	0	0	49	89368	3	29836	0.9929772932481692	false
199	hCoV-19/DominicanRepublic/Yale-6251/2021	20C	6.250000	good	33	19	0	0	0	0	23	6	0	0	89130	55	29836	0.9959535832525164	false
200	hCoV-19/DominicanRepublic/Yale-6205/2021	20C	2.777778	good	32	13	0	0	0	0	25	4	0	0	89315	3	29836	0.9976925392101128	false
201	hCoV-19/DominicanRepublic/Yale-6207/2021	20C	1.562500	good	31	13	0	0	0	0	24	4	0	0	89319	3	29836	0.9976925392101128	false
202	hCoV-19/DominicanRepublic/Yale-6208/2021	20C	1.562500	good	31	13	0	0	0	0	24	4	0	0	89280	16	29836	0.9972578002207136	false
203	hCoV-19/DominicanRepublic/Yale-6209/2021	20C	1.562500	good	31	13	0	0	0	0	24	4	0	0	89277	17	29836	0.9972243587599906	false
204	hCoV-19/DominicanRepublic/Yale-6211/2021	20C	0.173611	good	29	13	0	0	0	0	22	4	0	0	89318	6	29836	0.9975922148279436	false
205	hCoV-19/DominicanRepublic/Yale-6219/2021	20C	2.777778	good	32	13	0	0	14	0	25	4	0	0	89204	40	29836	0.9959870247132396	false
206	hCoV-19/DominicanRepublic/Yale-6220/2021	20C	4.340278	good	33	13	0	0	0	0	26	4	0	0	89155	55	29836	0.9959535832525164	false
207	hCoV-19/DominicanRepublic/Yale-6221/2021	20C	1.562500	good	31	13	0	0	0	0	24	4	0	0	89163	55	29836	0.9959535832525164	false
208	hCoV-19/DominicanRepublic/Yale-6240/2021	20C	1.562500	good	31	13	0	0	0	0	24	4	0	0	89313	5	29836	0.9976256562886668	false
209	hCoV-19/DominicanRepublic/Yale-6241/2021	20C	2.777778	good	32	13	0	0	0	0	25	4	0	0	89315	3	29836	0.9976925392101128	false
210	hCoV-19/DominicanRepublic/Yale-6254/2021	21F (Iota)	100	bad	27	13	0	0	277	0	20	4	0	93	89332	4	29836	0.9883958131291176	false
211	hCoV-19/DominicanRepublic/Yale-6202/2021	21F (Iota)	17.361111	good	20	10	0	0	0	0	16	3	0	0	89289	33	29836	0.9966892953884224	false
212	hCoV-19/DominicanRepublic/Yale-6203/2021	21F (Iota)	56.250000	mediocre	25	10	0	0	0	0	18	3	0	0	89353	5	29836	0.9976256562886668	false
213	hCoV-19/DominicanRepublic/Yale-5376/2021	21F (Iota)	284.421413	bad	28	11	0	1	739	2	22	4	0	252	89181	55	29836	0.9711734608567704	false
214	hCoV-19/DominicanRepublic/Yale-5472/2021	20A	22.987740	good	31	23	0	1	680	0	22	8	0	351	89124	55	29836	0.9732133899608736	false
215	hCoV-19/DominicanRepublic/Yale-5412/2021	21F (Iota)	226.052524	bad	27	11	0	1	577	0	18	4	0	197	89185	55	29836	0.976657860415343	false
216	hCoV-19/DominicanRepublic/Yale-5473/2021	20A	4.968481	good	32	23	0	1	514	0	23	8	0	291	89120	55	29836	0.9787646724408924	false
217	hCoV-19/DominicanRepublic/Yale-5381/2021	21F (Iota)	205.081605	bad	25	11	0	1	468	2	18	4	0	160	89193	55	29836	0.9802360967127044	false
218	hCoV-19/DominicanRepublic/Yale-5501/2021	20A	56.779180	mediocre	17	2	0	1	461	0	11	2	0	185	88751	55	29665	0.9748185800755778	false
219	hCoV-19/DominicanRepublic/Yale-5546/2021	20C	29.365641	good	20	1	3	1	343	0	14	1	0	118	89249	55	29836	0.984483162224526	false
220	hCoV-19/DominicanRepublic/Yale-5439/2021	21F (Iota)	291.841156	bad	29	11	0	1	308	0	20	4	0	107	89177	55	29836	0.9856536133498311	false
221	hCoV-19/DominicanRepublic/Yale-5528/2021	20A	746.515309	bad	25	34	0	1	7521	5	14	12	0	2578	89136	55	29836	0.7442731498511855	false
222	hCoV-19/DominicanRepublic/Yale-5443/2021	21F (Iota)	769.135806	bad	12	12	0	1	7487	0	9	2	0	4930	89241	55	29836	0.7455773668193827	false
223	hCoV-19/DominicanRepublic/Yale-5450/2021	20I (Alpha, V1)	8.506944	good	39	20	3	1	0	0	25	7	0	1	89088	55	29836	0.9959535832525164	false
224	hCoV-19/DominicanRepublic/Yale-5406/2021	20C	69.444444	mediocre	23	1	3	1	0	0	15	1	0	1	89237	55	29836	0.9959535832525164	false
225	hCoV-19/DominicanRepublic/Yale-5461/2021	20A	4.340278	good	32	23	0	1	0	0	23	8	0	119	89120	55	29836	0.9959535832525164	false
226	hCoV-19/DominicanRepublic/Yale-5471/2021	20A	4.340278	good	32	23	0	1	0	0	23	8	0	119	89120	55	29836	0.9959535832525164	false
227	hCoV-19/DominicanRepublic/Yale-5475/2021	20A	4.340278	good	32	23	0	1	0	0	23	8	0	119	89165	40	29836	0.9964552051633616	false
228	hCoV-19/DominicanRepublic/Yale-5438/2021	20I (Alpha, V1)	0	good	33	21	0	1	0	0	23	7	0	6	89262	6	29836	0.9975922148279436	false
229	hCoV-19/DominicanRepublic/Yale-5356/2021	21F (Iota)	177.777778	bad	23	11	0	1	0	0	16	4	0	1	89318	16	29836	0.9972578002207136	false
230	hCoV-19/DominicanRepublic/Yale-5362/2021	21F (Iota)	250.694444	bad	29	11	0	1	52	0	20	4	0	19	89177	55	29836	0.9942146272949204	false
231	hCoV-19/DominicanRepublic/Yale-5400/2021	21F (Iota)	200.694444	bad	25	11	0	1	0	0	16	4	0	1	89241	39	29836	0.9964886466240844	false
232	hCoV-19/DominicanRepublic/Yale-5440/2021	21F (Iota)	291.840278	bad	29	11	0	1	0	0	20	4	0	1	89306	12	29836	0.9973915660636056	false
233	hCoV-19/DominicanRepublic/Yale-5377/2021	20A	225	bad	38	13	0	1	37	0	24	5	0	46	89132	55	29836	0.9947162492057652	false
234	hCoV-19/DominicanRepublic/Yale-6265/2021	21H (Mu)	0.047750	good	41	4	3	1	359	0	25	2	1	139	89156	55	29836	0.983948098852958	false
235	hCoV-19/DominicanRepublic/Yale-6250/2021	21H (Mu)	0	good	39	4	3	1	6	0	25	2	1	22	89164	55	29836	0.9957529344881784	false
236	hCoV-19/DominicanRepublic/Yale-6248/2021	21H (Mu)	0	good	41	7	3	1	0	0	27	3	1	19	89287	6	29836	0.9975922148279436	false
237	hCoV-19/DominicanRepublic/Yale-6267/2021	21H (Mu)	0	good	41	16	3	1	0	0	26	6	1	19	89268	3	29836	0.9976925392101128	false
238	hCoV-19/DominicanRepublic/Yale-6233/2021	21H (Mu)	4.694444	good	40	10	3	1	1	2	25	4	1	22	89171	43	29836	0.9962545563990236	false
239	hCoV-19/DominicanRepublic/Yale-6204/2021	21H (Mu)	0	good	39	4	3	1	0	0	24	2	1	19	89293	12	29836	0.9973915660636056	false
240	hCoV-19/DominicanRepublic/Yale-6215/2021	21H (Mu)	0	good	40	4	3	1	0	0	25	2	1	19	89316	3	29836	0.9976925392101128	false
241	hCoV-19/DominicanRepublic/Yale-6223/2021	21H (Mu)	0	good	40	4	3	1	0	0	25	2	1	19	89160	55	29836	0.9959535832525164	false
242	hCoV-19/DominicanRepublic/Yale-6224/2021	21H (Mu)	0	good	40	4	3	1	0	0	26	2	1	19	89160	55	29836	0.9959535832525164	false
243	hCoV-19/DominicanRepublic/Yale-6231/2021	21H (Mu)	0	good	40	4	3	1	0	0	26	2	1	19	89316	3	29836	0.9976925392101128	false
244	hCoV-19/DominicanRepublic/Yale-6232/2021	21H (Mu)	0	good	40	4	3	1	0	0	26	2	1	19	89304	7	29836	0.9975587733672208	false
245	hCoV-19/DominicanRepublic/Yale-6234/2021	21H (Mu)	0	good	39	4	3	1	0	0	25	2	1	19	89320	3	29836	0.9976925392101128	false
246	hCoV-19/DominicanRepublic/Yale-6237/2021	21H (Mu)	0	good	41	4	3	1	0	0	25	2	1	19	89156	55	29836	0.9959535832525164	false
247	hCoV-19/DominicanRepublic/Yale-6242/2021	21H (Mu)	0	good	39	4	3	1	0	0	24	2	1	19	89320	3	29836	0.9976925392101128	false
248	hCoV-19/DominicanRepublic/Yale-6252/2021	21H (Mu)	0	good	39	4	3	1	0	0	25	2	1	19	89320	3	29836	0.9976925392101128	false
249	hCoV-19/DominicanRepublic/Yale-6263/2021	21H (Mu)	0	good	41	4	3	1	0	0	25	2	1	19	89312	3	29836	0.9976925392101128	false
250	hCoV-19/DominicanRepublic/Yale-6268/2021	21H (Mu)	0	good	41	4	3	1	0	0	25	2	1	19	89312	3	29836	0.9976925392101128	false
251	hCoV-19/DominicanRepublic/Yale-6270/2021	21H (Mu)	0	good	39	4	3	1	0	0	24	2	1	19	89320	3	29836	0.9976925392101128	false
252	hCoV-19/DominicanRepublic/Yale-6271/2021	21H (Mu)	0	good	40	4	3	1	0	0	25	2	1	19	89292	11	29836	0.9974250075243286	false
253	hCoV-19/DominicanRepublic/Yale-6272/2021	21H (Mu)	1.562500	good	43	4	3	1	0	0	27	2	1	19	89148	55	29836	0.9959535832525164	false
254	hCoV-19/DominicanRepublic/Yale-6236/2021	21H (Mu)	0	good	37	9	3	2	0	0	23	4	1	74	89305	3	29836	0.9976925392101128	false
255	hCoV-19/DominicanRepublic/34294/2021	20I (Alpha, V1)	25	good	39	19	0	0	85	0	23	6	0	0	89384	2	29876	0.9962211149383003	false
256	hCoV-19/DominicanRepublic/34295/2021	20C	0	good	35	51	0	0	85	0	23	17	0	0	89298	1	29873	0.9961542320168544	false
257	hCoV-19/DominicanRepublic/Yale-6273/2021	21H (Mu)	0	good	38	4	3	1	0	0	24	2	1	19	89168	55	29836	0.9959535832525164	false
258	hCoV-19/DominicanRepublic/Yale-6277/2021	20C	83.857627	mediocre	51	91	0	1	736	0	23	19	0	243	88771	55	29819	0.970772163328094	false
259	hCoV-19/DominicanRepublic/Yale-6278/2021	20J (Gamma, V3)	0	good	39	9	4	0	288	0	26	3	0	97	89150	55	29836	0.9863224425642912	false
260	hCoV-19/DominicanRepublic/Yale-6279/2021	20J (Gamma, V3)	0.010000	good	39	9	4	0	327	0	26	3	0	110	89150	55	29836	0.985018225596094	false
261	hCoV-19/DominicanRepublic/Yale-6280/2021	21H (Mu)	0	good	40	4	3	1	0	0	25	2	1	19	89160	55	29836	0.9959535832525164	false
262	hCoV-19/DominicanRepublic/Yale-6281/2021	21H (Mu)	0	good	39	4	3	1	0	0	25	2	1	19	89296	11	29836	0.9974250075243286	false
263	hCoV-19/DominicanRepublic/Yale-6282/2021	21H (Mu)	0	good	40	4	3	1	0	0	25	2	1	19	89316	3	29836	0.9976925392101128	false
264	hCoV-19/DominicanRepublic/Yale-6283/2021	21H (Mu)	0	good	42	4	3	1	0	0	25	2	1	19	89290	9	29836	0.9974918904457748	false
265	hCoV-19/DominicanRepublic/Yale-6284/2021	21H (Mu)	0	good	40	4	3	1	0	0	25	2	1	19	89307	6	29836	0.9975922148279436	false
266	hCoV-19/DominicanRepublic/Yale-6285/2021	20J (Gamma, V3)	0	good	36	9	4	0	161	0	25	3	0	59	88943	40	29748	0.9881282814433334	false
267	hCoV-19/DominicanRepublic/Yale-6286/2021	20J (Gamma, V3)	0	good	36	9	4	0	288	0	25	3	0	97	88931	55	29759	0.98374745008862	false
268	hCoV-19/DominicanRepublic/Yale-6287/2021	21H (Mu)	1	good	41	4	3	1	0	1	25	2	1	20	89288	11	29836	0.9973915660636056	false
269	hCoV-19/DominicanRepublic/Yale-6288/2021	21H (Mu)	0	good	40	4	3	1	21	0	26	2	1	27	89160	55	29836	0.9952513125773332	false
270	hCoV-19/DominicanRepublic/Yale-6289/2021	21H (Mu)	561.999757	bad	30	4	0	1	6676	0	21	2	0	2322	88922	3	29689	0.7695214526970539	false
271	hCoV-19/DominicanRepublic/Yale-6292/2021	21H (Mu)	696.966269	bad	29	4	3	1	7396	0	18	2	1	2521	89234	2	29793	0.7489549543524061	false
272	hCoV-19/DominicanRepublic/Yale-6293/2021	21H (Mu)	72.155765	mediocre	32	4	3	1	2507	1	22	2	1	906	89138	3	29766	0.9114804534662074	false
273	hCoV-19/DominicanRepublic/Yale-6296/2021	21H (Mu)	913.697809	bad	30	4	0	1	8442	0	22	2	0	2918	88850	3	29665	0.709661238002876	false
274	hCoV-19/DominicanRepublic/Yale-6297/2021	21H (Mu)	0	good	43	4	3	1	0	0	28	2	1	19	89298	5	29836	0.9976256562886668	false
275	hCoV-19/DominicanRepublic/Yale-6298/2021	21H (Mu)	0	good	41	7	3	1	0	0	25	3	1	19	89296	3	29836	0.9976925392101128	false
276	hCoV-19/DominicanRepublic/Yale-6299/2021	20C	6.182565	good	40	18	0	0	872	1	24	6	0	295	89111	55	29836	0.9667591880413337	false
277	hCoV-19/DominicanRepublic/UNIBESS06/2021	21H (Mu)	15.210000	good	41	4	3	1	1353	0	24	2	1	471	89093	61	29821	0.9500050162191084	false
278	hCoV-19/DominicanRepublic/UNIBESS07/2021	21H (Mu)	0	good	43	4	3	1	5	0	27	2	1	23	89085	61	29821	0.9950841052737184	false
279	hCoV-19/DominicanRepublic/UNIBESS08/2021	21H (Mu)	0	good	44	4	3	1	220	0	27	2	1	98	89081	61	29821	0.9878941912182724	false
280	hCoV-19/DominicanRepublic/21889-2P/2021	20C	2.777778	good	32	13	0	0	0	0	24	4	0	0	89279	40	29861	0.9972912416814368	false
281	hCoV-19/DominicanRepublic/ICGEB-UNIBE024/2020	19A	10645.755569	bad	152	0	0	0	9616	32	116	0	0	3272	88555	183	29903	0.6712704410928669	false
282	hCoV-19/DominicanRepublic/ICGEB_UNIBE051/2020	20A	1	good	6	0	0	0	247	1	4	0	0	14	89679	3	29903	0.9916396348192488	false
283	hCoV-19/DominicanRepublic/ICGEB_UNIBE258/2020	20A	97.931701	mediocre	5	0	0	0	1411	9	3	0	0	494	88720	183	29762	0.9417115339598032	false
284	hCoV-19/DominicanRepublic/ICGEB_UNIBE022/2020	20A	4	good	4	0	0	0	228	2	1	0	0	15	89690	2	29903	0.992275022572986	false
285	hCoV-19/DominicanRepublic/ICGEB_UNIBE032.2/2020	20A	8.340278	good	8	0	0	0	140	2	4	0	0	14	89212	17	29764	0.9900678861652678	false
286	hCoV-19/DominicanRepublic/ICGEB_UNIBE032.7/2020	20A	17.506944	good	6	0	0	0	36	3	1	0	0	15	88731	180	29764	0.9880613985218876	false
287	hCoV-19/DominicanRepublic/ICGEB_UNIBE032.8/2020	19A	2443.798440	bad	76	0	0	0	5215	34	52	0	0	1861	88862	182	29903	0.8184128682740862	false
288	hCoV-19/DominicanRepublic/ICGEB-UNIBE032.9/2020	19A	2443.798440	bad	76	0	0	0	5215	34	52	0	0	1861	88862	182	29903	0.8184128682740862	false
289	hCoV-19/DominicanRepublic/UNIBE01/2021	21H (Mu)	0	good	43	4	3	1	213	0	26	2	1	92	89148	55	29836	0.9888305521185166	false
290	hCoV-19/DominicanRepublic/UNIBE02/2021	20C	30.359726	mediocre	35	45	0	0	1718	0	22	15	0	581	89050	55	29836	0.938501153730395	false
291	hCoV-19/DominicanRepublic/UNIBE04/2021	21H (Mu)	59.062071	mediocre	35	4	3	1	2375	0	22	2	1	816	89180	55	29836	0.9165301140353812	false
292	hCoV-19/DominicanRepublic/UNIBE06/2021	21H (Mu)	393.452431	bad	27	0	0	0	5626	0	20	0	0	1928	87798	55	29356	0.7917600240778517	false
293	hCoV-19/DominicanRepublic/UNIBE07/2021	21H (Mu)	58.891413	mediocre	37	4	3	1	2372	0	23	2	1	815	89172	55	29836	0.91663043841755	false
294	hCoV-19/DominicanRepublic/UNIBE08/2021	21H (Mu)	0	good	42	4	3	1	284	0	26	2	1	115	89152	55	29836	0.9864562084071832	false
295	hCoV-19/DominicanRepublic/UNIBE09/2021	21H (Mu)	0	good	42	4	3	1	284	0	26	2	1	115	89152	55	29836	0.9864562084071832	false
296	hCoV-19/DominicanRepublic/UNIBE12/2021	21H (Mu)	239.332359	bad	29	0	0	0	4477	0	21	0	0	1547	87790	55	29356	0.8301842624485838	false
297	hCoV-19/DominicanRepublic/UNIBE13/2021	21H (Mu)	899.550631	bad	21	0	0	0	5096	0	14	0	0	1757	87822	55	29356	0.809483998261044	false
298	hCoV-19/DominicanRepublic/UNIBE14/2021	21H (Mu)	298.137778	bad	25	0	0	0	4962	0	18	0	0	1708	87806	55	29356	0.8139651539979267	false
299	hCoV-19/DominicanRepublic/UNIBE15/2021	20C	22.474623	good	34	51	0	0	1580	0	23	17	0	530	88516	55	29665	0.9373975855265358	false
300	hCoV-19/DominicanRepublic/UNIBE17/2021	21H (Mu)	0	good	42	4	3	1	2	0	28	2	1	21	89152	55	29836	0.9958867003310704	false
301	hCoV-19/DominicanRepublic/UNIBE18/2021	20C	24.463789	good	42	51	0	0	802	0	25	17	0	272	88997	55	29836	0.9691335317526668	false
302	hCoV-19/DominicanRepublic/UNIBE19/2021	21H (Mu)	0	good	41	7	6	1	212	0	25	3	2	91	89133	55	29836	0.9888639935792396	false
303	hCoV-19/DominicanRepublic/UNIBE20/2021	21H (Mu)	0	good	40	4	3	1	0	0	25	2	1	19	89160	55	29836	0.9959535832525164	false
304	hCoV-19/DominicanRepublic/UNIBE26/2021	20C	37.296327	mediocre	33	51	0	0	1914	0	22	17	0	642	87593	55	29356	0.915894726281644	false
305	hCoV-19/DominicanRepublic/UNIBE27/2021	20C	37.296327	mediocre	33	51	0	0	1914	0	22	17	0	642	87593	55	29356	0.915894726281644	false
306	hCoV-19/DominicanRepublic/3002833767_760705/2021	21H (Mu)	14.552812	good	39	4	3	1	1330	0	25	2	1	451	89365	4	29852	0.953717018359362	false
307	hCoV-19/DominicanRepublic/3002833689_697541/2021	20J (Gamma, V3)	10.240000	good	39	9	4	0	1164	0	26	3	0	393	89234	3	29812	0.9579640838711836	false
308	hCoV-19/DominicanRepublic/3002833687_697511/2021	21H (Mu)	2.054444	good	43	4	3	1	687	0	27	2	1	254	89352	3	29852	0.9752533190649768	false
309	hCoV-19/DominicanRepublic/3002833707_730408/2021	21H (Mu)	1.567133	good	36	4	3	1	638	0	23	2	1	235	88885	57	29741	0.9713741096211084	false
310	hCoV-19/DominicanRepublic/3002833723_697510/2021	21H (Mu)	1	good	37	4	3	1	570	0	24	2	1	214	88977	25	29741	0.9747182556934086	false
311	hCoV-19/DominicanRepublic/3002833753_760554/2021	21H (Mu)	0.004952	good	38	4	3	1	319	0	24	2	1	121	89372	3	29852	0.9875597766110424	false
312	hCoV-19/DominicanRepublic/3002833684_697487/2021	20A	29.340497	good	27	49	9	1	304	0	23	17	1	117	89097	57	29852	0.9862555596428452	false
313	hCoV-19/DominicanRepublic/3002833758_760498/2021	20I (Alpha, V1)	50.173611	mediocre	40	22	0	0	18	0	28	7	0	0	89285	4	29852	0.9975922148279436	false
314	hCoV-19/DominicanRepublic/3002833701_757473/2021	20I (Alpha, V1)	29.340278	good	37	19	0	0	18	0	23	6	0	0	89044	4	29762	0.9945824833628732	false
315	hCoV-19/DominicanRepublic/3002833702_757480/2021	20I (Alpha, V1)	1.173611	good	39	19	0	0	17	1	25	6	0	1	89306	4	29852	0.9975922148279436	false
316	hCoV-19/DominicanRepublic/3002833680_697542/2021	20C	63.749808	mediocre	38	51	0	0	2444	0	25	17	0	868	88722	57	29741	0.9109788315553624	false
317	hCoV-19/DominicanRepublic/3002833681_697501/2021	21H (Mu)	25.633594	good	38	4	3	1	1667	0	24	2	1	587	88952	34	29743	0.937798883055212	false
318	hCoV-19/DominicanRepublic/3002833691_727275/2021	21H (Mu)	1566.693676	bad	30	4	3	1	10987	0	18	2	1	3800	88960	57	29758	0.625856937431027	false
319	hCoV-19/DominicanRepublic/3002833739_756603/2021	20J (Gamma, V3)	0.173611	good	41	9	4	0	18	0	27	3	0	1	89157	4	29790	0.9955188442631174	false
320	hCoV-19/DominicanRepublic/3002833757_760563/2021	20J (Gamma, V3)	0.173611	good	42	9	4	0	55	0	28	3	0	13	89324	4	29847	0.9961876734775776	false
321	hCoV-19/DominicanRepublic/3002833741_756635/2021	20J (Gamma, V3)	0	good	38	9	4	0	18	0	24	3	0	0	89085	4	29762	0.9945824833628732	false
322	hCoV-19/DominicanRepublic/3002833742_756636/2021	20J (Gamma, V3)	0	good	39	9	4	0	56	0	24	3	0	14	89087	4	29764	0.9933785907768452	false
323	hCoV-19/DominicanRepublic/3002833712_697444/2021	20J (Gamma, V3)	0	good	38	9	4	0	18	0	24	3	0	0	89028	4	29743	0.9939470956091362	false
324	hCoV-19/DominicanRepublic/3002833740_756634/2021	20J (Gamma, V3)	0	good	39	9	4	0	18	0	26	3	0	0	89081	4	29762	0.9945824833628732	false
325	hCoV-19/DominicanRepublic/3002833732_728803/2021	20J (Gamma, V3)	0	good	39	9	4	0	100	0	27	3	0	26	88991	34	29762	0.9908370397618969	false
326	hCoV-19/DominicanRepublic/3002833748_756684/2021	20J (Gamma, V3)	0	good	39	9	4	0	14	0	26	3	0	0	88928	57	29764	0.993010734708892	false
327	hCoV-19/DominicanRepublic/3002833725_726693/2021	20J (Gamma, V3)	0.173611	good	41	9	4	0	18	0	28	3	0	0	89040	4	29751	0.9942146272949204	false
328	hCoV-19/DominicanRepublic/3002833705_757516/2021	20J (Gamma, V3)	2.777778	good	44	9	4	0	55	0	30	3	0	13	89274	4	29833	0.9957194930274554	false
329	hCoV-19/DominicanRepublic/3002833743_756637/2021	20J (Gamma, V3)	11.111111	good	42	9	4	0	18	0	27	3	0	0	89075	4	29764	0.9946493662843192	false
330	hCoV-19/DominicanRepublic/3002833737_730758/2021	20J (Gamma, V3)	1	good	39	9	4	0	18	1	27	3	0	1	89024	4	29743	0.9939136541484132	false
331	hCoV-19/DominicanRepublic/3002833706_730401/2021	20J (Gamma, V3)	0	good	36	9	4	0	18	0	24	3	0	0	89081	4	29758	0.9944487175199812	false
332	hCoV-19/DominicanRepublic/3002833698_730519/2021	20J (Gamma, V3)	0	good	37	9	4	0	18	0	24	3	0	0	89032	4	29743	0.9939470956091362	false
333	hCoV-19/DominicanRepublic/3002833711_697362/2021	20J (Gamma, V3)	0	good	39	15	4	0	18	0	27	5	0	0	89262	4	29831	0.9968899441527606	false
334	hCoV-19/DominicanRepublic/3002833746_756647/2021	20A	2101.562500	bad	11	9	0	0	18	45	8	3	0	44	89136	4	29741	0.992375346955155	false
335	hCoV-19/DominicanRepublic/3002833726_726820/2021	20J (Gamma, V3)	0.173611	good	40	79	4	1	166	0	26	27	0	93	88734	25	29741	0.9882286058255024	false
336	hCoV-19/DominicanRepublic/3002833728_728545/2021	20C	0	good	38	51	0	0	18	0	24	17	0	0	89214	4	29852	0.9975922148279436	false
337	hCoV-19/DominicanRepublic/3002833704_757504/2021	20C	0	good	38	51	0	0	18	0	25	17	0	0	89214	4	29852	0.9975922148279436	false
338	hCoV-19/DominicanRepublic/3002833714_697456/2021	20C	0	good	37	51	0	0	71	0	24	17	0	19	88954	4	29764	0.992876968866	false
339	hCoV-19/DominicanRepublic/3002833682_697451/2021	21H (Mu)	0.694444	good	41	4	6	1	18	0	25	2	2	19	89350	4	29852	0.9975922148279436	false
340	hCoV-19/DominicanRepublic/3002833765_760702/2021	21H (Mu)	1	good	40	4	3	1	18	1	24	2	1	20	89361	4	29852	0.9975587733672208	false
341	hCoV-19/DominicanRepublic/3002833754_760555/2021	21H (Mu)	0	good	37	4	3	1	22	0	24	2	1	19	89106	3	29762	0.9944821589807042	false
342	hCoV-19/DominicanRepublic/3002833688_697533/2021	21H (Mu)	0	good	39	4	3	1	17	0	25	2	1	19	89368	3	29852	0.9976590977493895	false
343	hCoV-19/DominicanRepublic/3002833720_697480/2021	21H (Mu)	0	good	38	4	3	1	18	0	24	2	1	19	89369	4	29852	0.9975922148279436	false
344	hCoV-19/DominicanRepublic/3002833708_730409/2021	21H (Mu)	0	good	39	4	3	1	17	0	24	2	1	19	89368	3	29852	0.9976590977493895	false
345	hCoV-19/DominicanRepublic/3002833751_760215/2021	21H (Mu)	0	good	41	4	3	1	18	0	26	2	1	19	89360	3	29852	0.9976256562886668	false
346	hCoV-19/DominicanRepublic/3002833764_760701/2021	21H (Mu)	0	good	38	4	3	1	18	0	24	2	1	19	89369	4	29852	0.9975922148279436	false
347	hCoV-19/DominicanRepublic/3002833769_760709/2021	21H (Mu)	1	good	38	4	3	1	18	1	24	2	1	20	89042	4	29743	0.9939136541484132	false
348	hCoV-19/DominicanRepublic/3002833756_760559/2021	21H (Mu)	0	good	40	4	3	1	17	0	26	2	1	19	89364	3	29852	0.9976590977493895	false
349	hCoV-19/DominicanRepublic/3002833750_760209/2021	21H (Mu)	0	good	40	4	3	1	17	0	26	2	1	19	89364	3	29852	0.9976590977493895	false
350	hCoV-19/DominicanRepublic/3002833766_760703/2021	21H (Mu)	1	good	40	4	3	1	18	1	24	2	1	20	89361	4	29852	0.9975587733672208	false
351	hCoV-19/DominicanRepublic/3002833717_697469/2021	21H (Mu)	0	good	38	4	3	1	18	0	24	2	1	19	89372	3	29852	0.9976256562886668	false
352	hCoV-19/DominicanRepublic/3002833709_697505/2021	21H (Mu)	1	good	41	4	3	1	18	1	26	2	1	20	89357	4	29852	0.9975587733672208	false
353	hCoV-19/DominicanRepublic/3002833733_728816/2021	21H (Mu)	0	good	40	4	3	1	18	0	26	2	1	19	89361	4	29852	0.9975922148279436	false
354	hCoV-19/DominicanRepublic/3002833763_697821/2021	21H (Mu)	0	good	40	4	3	1	17	0	26	2	1	19	89361	4	29852	0.9976256562886668	false
355	hCoV-19/DominicanRepublic/3002833697_726680/2021	21H (Mu)	0	good	39	4	3	1	142	0	25	2	1	61	89038	4	29743	0.9898003544794836	false
356	hCoV-19/DominicanRepublic/3002833729_728546/2021	21H (Mu)	0	good	39	4	3	1	18	0	24	2	1	19	89395	3	29861	0.9979266294351736	false
357	hCoV-19/DominicanRepublic/3002833721_697492/2021	21H (Mu)	0	good	31	4	3	1	18	0	22	2	1	19	89127	4	29762	0.9945824833628732	false
358	hCoV-19/DominicanRepublic/3002833694_728765/2021	21H (Mu)	1	good	40	4	3	1	17	1	26	2	1	20	89364	3	29852	0.9976256562886668	false
359	hCoV-19/DominicanRepublic/3002833718_697474/2021	21H (Mu)	0	good	38	4	3	1	18	0	24	2	1	19	89369	4	29852	0.9975922148279436	false
360	hCoV-19/DominicanRepublic/3002833738_756602/2021	21H (Mu)	0	good	40	4	3	1	18	0	26	2	1	19	89361	4	29852	0.9975922148279436	false
361	hCoV-19/DominicanRepublic/3002833730_728548/2021	21H (Mu)	1	good	39	4	3	1	163	1	24	2	1	68	89365	4	29852	0.992709761562385	false
362	hCoV-19/DominicanRepublic/3002833690_726727/2021	21H (Mu)	0	good	40	4	3	1	17	0	25	2	1	19	89361	4	29852	0.9976256562886668	false
363	hCoV-19/DominicanRepublic/3002833727_728540/2021	21H (Mu)	0	good	38	4	3	1	18	0	24	2	1	19	89369	4	29852	0.9975922148279436	false
364	hCoV-19/DominicanRepublic/3002833734_728822/2021	21H (Mu)	0	good	39	4	3	1	18	0	25	2	1	19	89365	4	29852	0.9975922148279436	false
365	hCoV-19/DominicanRepublic/3002833768_760706/2021	21H (Mu)	0	good	41	4	3	1	18	0	26	2	1	19	89357	4	29852	0.9975922148279436	false
366	hCoV-19/DominicanRepublic/3002833760_761814/2021	21H (Mu)	0	good	43	4	3	1	17	0	27	2	1	19	89349	4	29852	0.9976256562886668	false
367	hCoV-19/DominicanRepublic/3002833759_760704/2021	21H (Mu)	0	good	38	9	3	2	18	0	24	4	1	74	89013	4	29741	0.9938802126876902	false
368	hCoV-19/DominicanRepublic/3002833692_728742/2021	21F (Iota)	156.250000	bad	27	33	0	0	52	0	21	3	0	0	89324	3	29852	0.9964886466240844	false
369	hCoV-19/DominicanRepublic/3002833686_697509/2021	21G (Lambda)	0	good	36	30	0	0	187	0	23	10	0	57	89301	3	29852	0.9919740494264788	false
370	hCoV-19/DominicanRepublic/3002833745_756644/2021	20C	0.173611	good	29	13	0	0	20	0	21	4	0	0	89288	4	29824	0.9965889710062537	false
371	hCoV-19/DominicanRepublic/3002833749_756691/2021	20C	0.173611	good	29	13	0	0	18	0	21	4	0	0	89372	4	29852	0.9975922148279436	false
372	hCoV-19/DominicanRepublic/3002833703_757490/2021	20C	2.777778	good	32	13	0	0	18	0	22	4	0	0	89360	4	29852	0.9975922148279436	false
373	hCoV-19/DominicanRepublic/3002833693_728762/2021	20C	4.340278	good	33	13	0	0	18	0	24	4	0	0	89359	3	29852	0.9976256562886668	false
374	hCoV-19/DominicanRepublic/3002833713_697455/2021	20C	2.562500	good	31	13	0	0	18	1	22	4	0	1	89364	4	29852	0.9975587733672208	false
375	hCoV-19/DominicanRepublic/3002833744_756643/2021	20C	0.173611	good	29	13	0	0	18	0	21	4	0	0	89102	4	29762	0.9945824833628732	false
376	hCoV-19/DominicanRepublic/3002833747_756666/2021	21F (Iota)	29.340278	good	23	10	0	0	18	0	15	3	0	0	89088	3	29743	0.9939805370698592	false
377	hCoV-19/DOM/202102998_602399/2021	20A	67.106639	mediocre	21	2	7	1	1007	2	13	0	2	375	88967	173	29869	0.9593686252215496	false
378	hCoV-19/DOM/202102988_599996/2021	20A	1.956049	good	23	2	3	0	564	1	16	0	1	201	89394	34	29870	0.9788984382837842	false
379	hCoV-19/DOM/202102992_601699/2021	20C	0.189468	good	29	13	3	0	334	0	20	4	1	125	89329	34	29870	0.9866234157107984	false
380	hCoV-19/DOM/202103002_603669/2021	20I (Alpha, V1)	8.506944	good	34	19	3	0	0	0	21	6	1	0	89292	34	29873	0.9978931879744508	false
381	hCoV-19/DOM/202102999_602904/2021	20A	76.880278	mediocre	23	2	4	1	1479	0	16	0	1	519	88672	174	29772	0.9403738755308833	false
382	hCoV-19/DOM/202102996_602088/2021	20A	238.729290	bad	21	2	3	0	4347	0	13	0	1	1579	89078	34	29762	0.8488111560712972	false
383	hCoV-19/DOM/202102993_601702/2021	20A	114.667160	bad	25	2	3	0	3156	0	19	0	1	1122	88960	175	29869	0.8875029261278132	false
384	hCoV-19/DOM/202102990_601412/2021	20A	6.250000	good	30	2	9	0	31	0	18	0	2	12	89356	34	29869	0.9967227368491456	false
385	hCoV-19/DOM/202102976_584787/2021	20A	0	good	25	2	3	0	0	0	16	0	1	0	89398	34	29874	0.9979266294351736	false
386	hCoV-19/DOM/202102977_589198/2021	20A	0	good	25	2	3	0	37	0	18	0	1	15	89398	34	29874	0.9966892953884224	false
387	hCoV-19/DOM/202102978_591018/2021	20A	0	good	27	2	3	0	0	0	18	0	1	0	89390	34	29874	0.9979266294351736	false
388	hCoV-19/DOM/202102997_602103/2021	20A	6.250000	good	27	2	3	0	44	0	18	0	1	17	89378	34	29870	0.9963214393204696	false
389	hCoV-19/DOM/202102995_601978/2021	20C	3.777778	good	32	13	3	0	79	1	26	4	1	30	89320	34	29871	0.9951509881951645	false
390	hCoV-19/DOM/202102994_601964/2021	20A	0	good	25	3	3	1	233	0	17	1	0	81	89385	34	29873	0.9901013276259908	false
391	hCoV-19/DOM/202103001_603504/2021	20A	0	good	26	6	0	1	0	0	17	2	0	59	89384	33	29874	0.9979600708958968	false
392	hCoV-19/DOM/202102975_582619/2021	20A	6.250000	good	26	2	0	0	0	0	18	0	0	0	89455	16	29874	0.9985285757281878	false
393	hCoV-19/DOM/202102982_598194/2021	20A	1.562500	good	30	2	0	0	9	0	19	0	0	3	89379	34	29872	0.9975587733672208	false
394	hCoV-19/DOM/202103000_603427/2021	20A	1.562500	good	27	2	0	0	0	0	18	0	0	0	89403	32	29874	0.9979935123566196	false
395	hCoV-19/DominicanRepublic/UN-CDC-3952108-001/2020	20I (Alpha, V1)	0	good	30	18	0	0	0	0	19	6	0	0	89513	1	29903	1	false
396	hCoV-19/DominicanRepublic/1420572/2021	21J (Delta)	0	good	39	12	0	0	0	0	33	4	0	0	89139	55	29836	0.9959535832525164	false
397	hCoV-19/DominicanRepublic/1423368/2021	21J (Delta)	1.562500	good	39	12	0	0	0	0	31	4	0	0	89217	55	29862	0.9968230612313146	false
398	hCoV-19/DominicanRepublic/1424742/2021	21J (Delta)	2.777778	good	38	12	0	0	288	0	29	4	0	98	89215	33	29838	0.9871250376216432	false
399	hCoV-19/DominicanRepublic/1437098/2021	21J (Delta)	8.506944	good	43	12	0	0	0	0	33	4	0	0	89195	31	29836	0.9967561783098686	false
400	hCoV-19/DominicanRepublic/1437151/2021	21J (Delta)	0	good	35	12	0	0	0	0	32	4	0	0	89227	33	29838	0.9967561783098686	false
401	hCoV-19/DominicanRepublic/1444210/2021	21J (Delta)	0	good	43	12	0	0	144	0	35	4	0	49	89123	55	29836	0.991138012908404	false
402	hCoV-19/DominicanRepublic/1446777/2021	21J (Delta)	0.173611	good	45	12	0	0	0	0	32	4	0	0	89127	51	29836	0.9960873490954084	false
403	hCoV-19/DominicanRepublic/1447261/2021	21J (Delta)	0.173611	good	45	12	0	0	54	0	39	4	0	18	89211	40	29853	0.9952178711166104	false
404	hCoV-19/DominicanRepublic/1455157/2021	21J (Delta)	0	good	38	12	0	0	251	0	33	4	0	84	89185	55	29850	0.9880279570611644	false
405	hCoV-19/DominicanRepublic/1421092/2021	21A (Delta)	0	good	36	6	0	0	0	0	26	2	0	0	89305	40	29864	0.9973915660636056	false
406	hCoV-19/DominicanRepublic/1421721/2021	21J (Delta)	0.173611	good	44	6	0	0	0	0	36	2	0	0	89228	55	29864	0.9968899441527606	false
407	hCoV-19/DominicanRepublic/1423333/2021	21J (Delta)	1.562500	good	39	6	0	0	0	0	34	2	0	0	89329	29	29865	0.9977928635922816	false
408	hCoV-19/DominicanRepublic/1423948/2021	21J (Delta)	0	good	37	6	0	0	0	0	32	2	0	0	89178	55	29838	0.9960204661739624	false
409	hCoV-19/DominicanRepublic/1423963/2021	21J (Delta)	0	good	43	6	0	0	0	0	33	2	0	0	89262	45	29864	0.9972243587599906	false
410	hCoV-19/DominicanRepublic/1424495/2021	21J (Delta)	0	good	40	6	0	0	0	0	35	2	0	0	89244	55	29864	0.9968899441527606	false
411	hCoV-19/DominicanRepublic/1433003/2021	21J (Delta)	0	good	38	6	0	0	0	0	33	2	0	0	89249	55	29863	0.9968565026920376	false
412	hCoV-19/DominicanRepublic/1438045/2021	21J (Delta)	0	good	37	6	0	0	0	0	31	2	0	0	89175	54	29836	0.9959870247132396	false
413	hCoV-19/DominicanRepublic/1440276/2021	21J (Delta)	6.250000	good	43	6	0	0	0	0	33	2	0	0	89151	54	29836	0.9959870247132396	false
414	hCoV-19/DominicanRepublic/1440857/2021	21J (Delta)	0	good	36	6	0	0	0	0	33	2	0	0	89335	30	29864	0.9977259806708356	false
415	hCoV-19/DominicanRepublic/1442549/2021	21J (Delta)	2.777778	good	44	6	0	0	0	0	36	2	0	0	89225	52	29860	0.9968565026920376	false
416	hCoV-19/DominicanRepublic/1443285/2021	21J (Delta)	0	good	44	6	0	0	0	0	34	2	0	0	89210	33	29836	0.9966892953884224	false
417	hCoV-19/DominicanRepublic/1449127/2021	21J (Delta)	0	good	40	6	0	0	89	0	35	2	0	31	89310	33	29864	0.9946493662843192	false
418	hCoV-19/DominicanRepublic/1449739/2021	21J (Delta)	0	good	37	6	0	0	0	0	33	2	0	0	89259	55	29865	0.9969233856134836	false
419	hCoV-19/DominicanRepublic/1449877/2021	21J (Delta)	0	good	44	6	0	0	14	0	32	2	0	6	89144	55	29836	0.9954854028023944	false
420	hCoV-19/DominicanRepublic/1449934/2021	21J (Delta)	0	good	43	6	0	0	0	0	34	2	0	0	89304	31	29864	0.9976925392101128	false
421	hCoV-19/DominicanRepublic/1450964/2021	21J (Delta)	6.250000	good	43	6	0	0	0	0	34	2	0	0	89232	55	29864	0.9968899441527606	false
422	hCoV-19/DominicanRepublic/1455155/2021	21J (Delta)	0	good	40	6	0	0	0	0	34	2	0	0	89302	33	29861	0.9975253319064976	false
423	hCoV-19/DominicanRepublic/1459475/2021	21J (Delta)	0	good	42	6	0	0	0	0	35	2	0	0	89230	30	29837	0.9968230612313146	false
424	hCoV-19/DominicanRepublic/1463066/2021	21J (Delta)	6.250000	good	46	6	0	0	0	0	35	2	0	0	89136	55	29836	0.9959535832525164	false
425	hCoV-19/DominicanRepublic/1463067/2021	21J (Delta)	14.062500	good	42	6	0	0	0	0	37	2	0	0	89194	55	29850	0.9964217637026386	false
426	hCoV-19/DominicanRepublic/1444541/2021	21J (Delta)	57.812500	mediocre	45	7	0	1	0	0	30	3	0	1116	89297	30	29864	0.9977259806708356	false
427	hCoV-19/DominicanRepublic/1440279/2021	21J (Delta)	2.777778	good	48	9	0	0	15	0	35	3	0	6	89112	55	29836	0.9954519613416714	false
428	hCoV-19/DominicanRepublic/1454901/2021	21J (Delta)	1.562500	good	42	6	3	0	0	0	32	2	1	0	89229	55	29864	0.9968899441527606	false
429	hCoV-19/DominicanRepublic/1456087/2021	21J (Delta)	72.944252	mediocre	39	6	0	0	2606	0	30	2	0	863	88844	55	29729	0.9052269003110056	false
430	hCoV-19/DominicanRepublic/1459439/2021	21J (Delta)	1.562500	good	48	12	0	0	0	0	35	4	0	0	89253	33	29864	0.9976256562886668	false
431	hCoV-19/DominicanRepublic/1423927/2021	21J (Delta)	0	good	45	6	0	0	242	0	34	2	0	82	89140	55	29836	0.9878607497575496	false
432	hCoV-19/DominicanRepublic/1432941/2021	21J (Delta)	6.254952	good	50	6	0	0	319	0	34	2	0	108	89120	55	29836	0.985285757281878	false
433	hCoV-19/DominicanRepublic/1423990/2021	21J (Delta)	4.665600	good	40	6	0	0	454	0	31	2	0	154	89160	55	29836	0.9807711600842725	false
434	hCoV-19/DominicanRepublic/UNIBE10/2021	21H (Mu)	1727.051111	bad	12	0	0	0	11001	0	7	0	0	3731	86994	343	29356	0.6023810320034779	false
435	hCoV-19/DominicanRepublic/UNIBE11/2021	21H (Mu)	1224.222346	bad	17	7	0	0	9747	0	14	2	0	3306	86940	343	29356	0.6443166237501254	false
436	hCoV-19/DominicanRepublic/UNIBE28/2020	20B	65.723625	mediocre	12	0	0	0	2486	0	8	0	0	831	89292	5	29784	0.9127512289736815	false
437	hCoV-19/DominicanRepublic/UNIBE34/2020	20C	35.866790	mediocre	10	0	0	0	1917	0	6	0	0	612	89654	5	29902	0.9357255124903856	false
438	hCoV-19/DominicanRepublic/UNIBE37/2020	20A	67.483182	mediocre	11	0	0	0	2518	0	5	0	0	754	89605	18	29900	0.9151255726850148	false
439	hCoV-19/DominicanRepublic/UNIBE45/2020	20A	61.401111	mediocre	15	0	0	0	1929	0	10	0	0	567	89643	3	29903	0.9354245393438786	false
440	hCoV-19/DominicanRepublic/UNIBE49/2020	20A	50.743827	mediocre	13	0	0	0	1860	0	9	0	0	533	89621	3	29893	0.9373975855265358	false
441	hCoV-19/DominicanRepublic/UNIBE54/2020	20B	105.603501	bad	18	0	0	0	3017	0	11	0	0	998	89625	5	29903	0.8989733471558038	false
442	hCoV-19/DominicanRepublic/UNIBE60/2020	20B	203.937709	bad	15	7	0	1	2872	0	8	3	0	911	89540	28	29903	0.9030532053640103	false
443	hCoV-19/DominicanRepublic/UNIBE64/2020	20B	33.044722	mediocre	15	0	0	0	1848	0	8	0	0	532	89643	3	29903	0.938133297662442	false
444	hCoV-19/DominicanRepublic/UNIBE70/2020	20A	49.184582	mediocre	12	0	0	0	1966	0	9	0	0	588	89622	3	29892	0.9338193492291744	false
445	hCoV-19/DominicanRepublic/UNIBE71/2020	20B	22.518549	good	17	0	0	0	1536	0	11	0	0	438	89635	3	29903	0.9485670334080192	false
446	hCoV-19/DominicanRepublic/UNIBE74/2020	20A	42.285806	mediocre	11	0	0	0	2023	0	6	0	0	605	89584	28	29903	0.931445005517841	false
447	hCoV-19/DominicanRepublic/UNIBE80/2020	20B	370.384942	bad	14	10	0	1	4516	0	7	4	0	3795	89599	3	29902	0.8488780389927432	false
448	hCoV-19/DominicanRepublic/UNIBE81/2020	20E (EU1)	45.547068	mediocre	19	0	0	0	1815	0	5	0	0	515	89621	5	29903	0.939169982944855	false
449	hCoV-19/DominicanRepublic/UNIBE82/2020	20A	48.686012	mediocre	13	1	0	1	2098	0	10	1	0	618	89572	24	29901	0.9290037788850616	false
450	hCoV-19/DominicanRepublic/UNIBE83/2020	20A	136.052431	bad	16	1	0	1	3196	0	9	1	0	987	89620	6	29903	0.892953884225663	false
451	hCoV-19/DominicanRepublic/UNIBE84/2020	20B	58.384859	mediocre	15	0	0	0	2360	0	8	0	0	705	89631	7	29903	0.9208775039293716	false
452	hCoV-19/DominicanRepublic/UNIBE85/2020	20B	8.087531	good	18	0	0	0	666	0	9	0	0	222	89550	27	29900	0.976758184797512	false
453	hCoV-19/DominicanRepublic/UNIBE89/2020	20B	131.378889	bad	15	6	0	0	3261	0	9	2	0	1011	89605	5	29901	0.8907467478179447	false
454	hCoV-19/DominicanRepublic/UNIBE100/2020	20A	46.201989	mediocre	23	0	0	0	1750	0	15	0	0	603	89254	3	29784	0.9374310269872588	false
455	hCoV-19/DominicanRepublic/UNIBE102/2020	20A	264.140000	bad	10	1	0	1	4134	0	4	1	0	3874	89574	28	29902	0.8608166404708558	false
456	hCoV-19/DominicanRepublic/UNIBE110/2020	20B	10.235679	good	18	0	0	0	1134	0	9	0	0	374	89526	28	29893	0.960840049493362	false
457	hCoV-19/DominicanRepublic/UNIBE114/2020	20A	32.363457	mediocre	20	2	0	0	1836	0	16	0	0	521	89530	28	29903	0.9376985586730427	false
458	hCoV-19/DominicanRepublic/UNIBE117/2020	21F (Iota)	288.574722	bad	20	11	0	1	3279	0	15	4	0	1005	89495	28	29903	0.8894425308497476	false
459	hCoV-19/DominicanRepublic/UNIBE120/2020	20B	268.760456	bad	16	6	0	0	4609	0	8	2	0	1421	89538	28	29903	0.8449653880881517	false
460	hCoV-19/DominicanRepublic/UNIBE123/2020	20A	0.694444	good	19	0	0	0	10	0	13	0	0	0	89270	3	29784	0.9956191686452864	false
461	hCoV-19/DominicanRepublic/UNIBE129/2020	20B	88.028892	mediocre	17	0	0	0	2770	0	6	0	0	885	89605	13	29903	0.9069658562686018	false
462	hCoV-19/DominicanRepublic/UNIBE131/2020	20B	0.694444	good	14	0	0	0	85	0	5	0	0	0	89599	7	29891	0.9965555295455304	false
463	hCoV-19/DominicanRepublic/UNIBE145/2020	20A	125.666423	bad	14	0	0	0	3274	0	7	0	0	1001	89572	28	29903	0.8896097381533625	false
464	hCoV-19/DominicanRepublic/UNIBE149/2020	20A	285.762689	bad	16	1	0	1	4660	0	12	1	0	1445	89557	27	29903	0.8432933150520014	false
465	hCoV-19/DominicanRepublic/UNIBE154/2020	20A	165.409753	bad	18	0	0	0	3039	0	13	0	0	894	89595	11	29899	0.8979032204126677	false
466	hCoV-19/DominicanRepublic/UNIBE163/2020	20B	80.069355	mediocre	19	0	0	0	2716	0	10	0	0	904	89264	5	29784	0.9050596930073904	false
467	hCoV-19/DominicanRepublic/UNIBE169/2020	20C	37.114198	mediocre	16	3	0	0	1500	0	7	1	0	480	89611	7	29903	0.9496371601511554	false
468	hCoV-19/DominicanRepublic/UNIBE171/2020	20A	47.745477	mediocre	19	35	0	1	1867	0	14	12	0	639	89424	28	29898	0.9364946660870148	false
469	hCoV-19/DominicanRepublic/UNIBE173/2020	20E (EU1)	28.721660	good	13	0	0	0	1747	0	5	0	0	520	89294	3	29784	0.9375313513694278	false
470	hCoV-19/DominicanRepublic/UNIBE174/2020	20E (EU1)	32.111111	mediocre	13	0	0	0	1830	0	5	0	0	520	89576	28	29903	0.9378992074373808	false
471	hCoV-19/DominicanRepublic/UNIBE177/2020	20C	132.453049	bad	15	2	0	1	3389	0	11	1	0	1135	89555	28	29903	0.885763970170217	false
472	hCoV-19/DominicanRepublic/UNIBE181/2020	20A	330.119684	bad	19	0	0	0	5185	0	12	0	0	1643	89558	26	29903	0.8257699896331472	false
473	hCoV-19/DominicanRepublic/UNIBE184/2020	20B	84.888481	mediocre	18	6	0	0	2458	0	9	2	0	764	89497	28	29892	0.9165301140353812	false
474	hCoV-19/DominicanRepublic/UNIBE185/2020	20A	132.537809	bad	14	0	0	0	3390	0	9	0	0	1104	89572	28	29903	0.885730528709494	false
475	hCoV-19/DominicanRepublic/UNIBE193/2020	20B	43.462994	mediocre	20	0	0	0	1764	0	13	0	0	528	89191	28	29784	0.9361268100190616	false
476	hCoV-19/DominicanRepublic/UNIBE207/2020	20A	32.871111	mediocre	22	2	0	0	1848	0	15	0	0	528	89546	18	29901	0.9375647928301508	false
477	hCoV-19/DominicanRepublic/UNIBE208/2020	20A	141.477215	bad	14	8	0	0	3308	0	8	0	0	1016	89542	28	29903	0.8884727284887803	false
478	hCoV-19/DominicanRepublic/UNIBE237/2020	20J (Gamma, V3)	292.372637	bad	29	9	0	0	497	0	22	3	0	169	89559	1	29903	0.9833795940206668	false
479	hCoV-19/DominicanRepublic/UNIBE245/2021	20A	210.729684	bad	19	1	0	0	4213	0	13	0	0	1234	89552	25	29903	0.8583085309166304	false
480	hCoV-19/DominicanRepublic/UNIBE268/2021	20A	121.057257	bad	22	2	0	0	3193	0	14	0	0	964	89591	5	29903	0.893087650068555	false
481	hCoV-19/DominicanRepublic/UNIBE273/2021	20A	367.787160	bad	15	2	0	0	5478	0	11	0	0	1733	89550	28	29903	0.8159047587198609	false
482	hCoV-19/DominicanRepublic/UNIBE274/2021	20B	24.393086	good	15	6	0	0	1284	0	9	2	0	361	89623	1	29903	0.9570611644316624	false
483	hCoV-19/DominicanRepublic/UNIBE275/2021	20A	23.828861	good	25	2	0	0	1618	0	15	0	0	450	89573	7	29903	0.9456910677858408	false
484	hCoV-19/DominicanRepublic/UNIBE277/2021	20A	28.705981	good	23	2	0	0	1729	0	18	0	0	493	89551	17	29903	0.9416446510383574	false
485	hCoV-19/DominicanRepublic/UNIBE280/2021	20A	14.111389	good	26	2	0	0	1308	0	18	0	0	393	89587	1	29903	0.9562585693743104	false
486	hCoV-19/DominicanRepublic/UNIBE283/2021	20A	10.169012	good	25	2	0	0	1161	0	17	0	0	368	89579	5	29903	0.9610406982577	false
487	hCoV-19/DominicanRepublic/UNIBE288/2021	20G	105.201111	bad	19	0	0	0	2919	0	12	0	0	901	89621	5	29903	0.9022506103066582	false
488	hCoV-19/DominicanRepublic/UNIBE290/2021	20A	38.394088	mediocre	20	2	0	0	1973	0	15	0	0	578	89530	28	29903	0.9331170785539912	false
489	hCoV-19/DominicanRepublic/UNIBE291/2021	20A	329.893224	bad	19	2	0	0	5204	0	13	0	0	1634	89534	28	29903	0.825067718957964	false
490	hCoV-19/DominicanRepublic/UNIBE301/2021	21C (Epsilon)	50.173611	mediocre	28	0	0	0	92	0	17	0	0	8	89597	1	29903	0.9969233856134836	false
491	hCoV-19/DominicanRepublic/UNIBE303/2021	19B	487.617370	bad	35	0	0	0	6080	0	20	0	0	1913	89497	25	29903	0.7958733237467812	false
492	hCoV-19/DominicanRepublic/UNIBE305/2021	20A	115.681975	bad	22	2	0	0	3204	0	14	0	0	961	89525	27	29903	0.8919840818646958	false
493	hCoV-19/DominicanRepublic/UNIBE310/2021	20A	32.153100	mediocre	21	2	0	0	1831	0	15	0	0	520	89526	28	29903	0.9378657659766578	false
494	hCoV-19/DominicanRepublic/UNIBE311/2021	19B	274.107987	bad	29	9	0	0	4654	0	16	3	0	1441	89529	11	29903	0.8440290271879076	false
495	hCoV-19/DominicanRepublic/UNIBE327/2021	20A	32.847545	mediocre	26	2	0	0	1831	0	18	0	0	520	89542	16	29903	0.938267063505334	false
496	hCoV-19/DominicanRepublic/UNIBE328/2021	20A	34.972894	mediocre	28	2	0	0	1832	0	20	0	0	520	89534	16	29903	0.9382336220446108	false
497	hCoV-19/DominicanRepublic/UNIBE307/2021	20A	237.740590	bad	23	2	0	0	4408	0	14	0	0	1358	89590	4	29903	0.8524897167508276	false
498	DR0006	20B	200.694444	bad	17	0	0	0	0	0	13	0	0	0	89641	1	29903	1	false
499	DR0014	20B	1.106392	good	11	0	0	0	584	0	7	0	0	163	89665	1	29903	0.9804701869377654	false
500	DR0028	20B	162.311389	bad	12	0	0	0	3738	0	9	0	0	1128	89661	1	29903	0.8749958198174096	false
501	DR0034	20C	11.111111	good	8	0	0	0	0	0	5	0	0	0	89677	1	29903	1	false
502	DR0037	20A	4.340278	good	11	0	0	0	0	0	5	0	0	0	89665	1	29903	1	false
503	DR0038	20C	575.583457	bad	12	4	0	1	6453	0	3	3	0	5797	89641	1	29903	0.7842022539544528	false
504	DR0044	20C	102.070631	bad	16	7	0	1	1532	0	12	3	0	1381	89616	1	29903	0.9487676821723572	false
505	DR0045	20A	44.444444	mediocre	13	0	0	0	0	0	9	0	0	0	89657	1	29903	1	false
506	DR0049	20A	34.027778	mediocre	11	0	0	0	0	0	8	0	0	0	89665	1	29903	1	false
507	DR0054	20B	0	good	13	0	0	0	0	0	9	0	0	0	89657	1	29903	1	false
508	DR0057	20C	1511.600137	bad	16	0	0	0	10795	0	10	0	0	3539	89645	1	29903	0.6389994314951677	false
509	DR0060	20A	4.340278	good	10	0	0	0	0	0	5	0	0	0	89669	1	29903	1	false
510	DR0061	20B	8.506944	good	14	0	0	0	0	0	5	0	0	0	89653	1	29903	1	false
511	DR0064	20B	135.421896	bad	15	0	0	0	3440	0	8	0	0	1087	89649	1	29903	0.8849613751128649	false
512	DR0070	20A	14.062500	good	10	0	0	0	0	0	8	0	0	0	89669	1	29903	1	false
513	DR0071	20B	185.382030	bad	18	0	0	0	3335	0	13	0	0	1008	89637	1	29903	0.8884727284887803	false
514	DR0074	20A	222.230796	bad	8	0	0	0	4325	0	4	0	0	1352	89677	1	29903	0.855365682373006	false
515	DR0078	20A	326.262346	bad	14	0	0	0	5130	0	9	0	0	1594	89653	1	29903	0.8284453064909876	false
516	DR0080	20B	25	good	13	0	0	0	0	0	8	0	0	0	89657	1	29903	1	false
517	DR0081	20E (EU1)	32.178272	mediocre	22	0	0	0	1764	0	6	0	0	522	89621	1	29903	0.9410092632846204	false
518	DR0082	20A	17.361111	good	13	0	0	0	0	0	9	0	0	0	89657	1	29903	1	false
519	DR0083	20A	50.173611	mediocre	17	0	0	0	0	0	9	0	0	0	89641	1	29903	1	false
520	DR0084	20B	8.506944	good	15	0	0	0	0	0	8	0	0	0	89649	1	29903	1	false
521	DR0085	20B	2.777778	good	16	0	0	0	0	0	8	0	0	0	89645	1	29903	1	false
522	DR0088	20B	386.099962	bad	20	6	0	0	5459	0	11	2	0	1769	89603	1	29903	0.8174430659131191	false
523	DR0089	20B	398.881605	bad	19	8	0	0	5112	0	11	2	0	1610	89595	1	29903	0.8290472527840016	false
524	DR0098	20A	767.850278	bad	20	0	3	2	7302	0	11	0	0	4741	89614	1	29903	0.7558104538006221	false
525	DR0099	20C	2.777778	good	18	0	0	0	244	0	13	0	0	41	89637	1	29903	0.9918402835835868	false
526	DR0100	20A	62.673611	mediocre	23	0	0	0	0	0	17	0	0	0	89617	1	29903	1	false
527	DR0102	20A	365.199551	bad	10	0	0	0	5429	0	4	0	0	1710	89669	1	29903	0.8184463097348093	false
528	DR0104	20A	285.197531	bad	16	1	3	1	4770	0	14	1	0	1472	89628	1	29903	0.8404842323512691	false
529	DR0110	20B	1.562500	good	19	0	0	0	0	0	9	0	0	0	89633	1	29903	1	false
530	DR0114	20A	69.444444	mediocre	19	0	0	0	0	0	16	0	0	0	89633	1	29903	1	false
531	DR0117	21F (Iota)	206.576958	bad	20	11	0	1	2002	0	15	4	0	572	89576	1	29903	0.9330501956325452	false
532	DR0120	20A	29.340278	good	12	0	0	0	0	0	4	0	0	0	89661	1	29903	1	false
533	DR0123	20A	0.694444	good	19	0	0	0	0	0	13	0	0	0	89633	1	29903	1	false
534	DR0125	20A	423.332994	bad	17	2	3	2	5262	0	12	2	0	1611	89614	1	29903	0.824031033675551	false
535	DR0129	20B	17.361111	good	16	0	0	0	0	0	6	0	0	0	89645	1	29903	1	false
536	DR0131	20B	8.506944	good	12	0	0	0	0	0	5	0	0	0	89661	1	29903	1	false
537	DR0138	20E (EU1)	920.610772	bad	17	0	0	0	8487	1	8	0	0	2672	89641	1	29903	0.7161488813831388	false
538	DR0141	20B	11.111111	good	20	0	0	0	201	0	10	0	0	0	89629	1	29903	0.993278266394676	false
539	DR0144	20A	14.699139	good	14	0	0	0	1169	0	7	0	0	321	89653	1	29903	0.9609069324148078	false
540	DR0145	20A	21.006944	good	14	0	0	0	0	0	7	0	0	0	89653	1	29903	1	false
541	DR0149	20A	44.444444	mediocre	15	0	0	0	0	0	12	0	0	0	89649	1	29903	1	false
542	DR0154	20A	70.312500	mediocre	14	0	0	0	0	0	12	0	0	0	89653	1	29903	1	false
543	DR0155	20A	199.142236	bad	18	1	3	1	3863	0	10	1	0	1195	89620	1	29903	0.870815637227034	false
544	DR0163	20B	51.680123	mediocre	18	0	0	0	2241	0	10	0	0	699	89637	1	29903	0.9250576865197472	false
545	DR0169	20C	11.111111	good	16	0	0	0	0	0	8	0	0	0	89645	1	29903	1	false
546	DR0171	20A	62.673611	mediocre	19	0	0	0	0	0	14	0	0	0	89633	1	29903	1	false
547	DR0173	20E (EU1)	95.604938	mediocre	15	0	0	0	2940	0	5	0	0	891	89649	1	29903	0.9016821054743672	false
548	DR0174	20E (EU1)	8.506944	good	13	0	0	0	0	0	5	0	0	0	89657	1	29903	1	false
549	DR0175	20A	32.659108	mediocre	21	2	0	0	1843	0	15	0	0	526	89607	1	29903	0.938367387887503	false
550	DR0176	20B	4.340278	good	17	0	0	0	183	0	10	0	0	12	89641	1	29903	0.9938802126876902	false
551	DR0177	20C	29.340278	good	14	0	0	0	0	0	11	0	0	0	89653	1	29903	1	false
552	DR0179	20A	6.250000	good	16	0	0	0	0	0	11	0	0	0	89645	1	29903	1	false
553	DR0180	20A	30.482994	mediocre	20	0	0	0	1752	0	14	0	0	504	89629	1	29903	0.9414105608132964	false
554	DR0181	20A	160.256845	bad	17	0	0	0	3718	0	11	0	0	1142	89641	1	29903	0.8756646490318697	false
555	DR0184	20B	135.021883	bad	18	6	0	0	3183	0	9	2	0	937	89611	1	29903	0.893555830518677	false
556	DR0185	20A	160.291001	bad	13	0	1	1	3017	0	7	0	0	3203	89646	2	29903	0.8990736715379728	false
557	DR0188	20A	1347.675528	bad	12	18	0	1	9961	0	5	5	0	6571	89594	1	29903	0.6668896097381534	false
558	DR0189	20A	737.223059	bad	17	2	0	0	7631	0	13	0	0	2427	89623	1	29903	0.7448082132227536	false
559	DR0193	20B	29.340278	good	18	0	0	0	0	0	11	0	0	0	89637	1	29903	1	false
560	DR0198	20A	117.361111	bad	18	0	0	0	0	0	12	0	0	0	89637	1	29903	1	false
561	DR0201	20B	34.027778	mediocre	18	0	0	0	0	0	11	0	0	0	89637	1	29903	1	false
562	DR0207	20A	18.365652	good	23	2	0	0	1366	0	16	0	0	390	89599	1	29903	0.954318964652376	false
563	DR0208	20A	127.351454	bad	12	8	0	0	3211	0	6	0	0	969	89631	1	29903	0.892619469618433	false
564	DR0225	20B	14.324499	good	16	6	0	0	784	0	8	2	0	206	89619	1	29903	0.9737818947931646	false
565	DR0231	20A	0	good	25	2	0	0	278	0	17	0	0	41	89591	1	29903	0.9907032739190048	false
566	DR0237	20J (Gamma, V3)	277.777778	bad	29	0	0	0	0	0	22	0	0	0	89593	1	29903	1	false
567	DR0245	20A	336.111111	bad	19	0	0	0	0	0	13	0	0	0	89633	1	29903	1	false
568	DR0250	20A	1.129660	good	25	2	0	0	564	0	17	0	0	123	89591	1	29903	0.9811390161522257	false
569	DR0266	20B	349.671111	bad	21	0	0	0	5268	0	15	0	0	1681	89625	1	29903	0.823830384911213	false
570	DR0268	20A	200.694444	bad	20	0	0	0	0	0	14	0	0	0	89629	1	29903	1	false
571	DR0273	20A	237.673611	bad	15	0	0	0	0	0	11	0	0	0	89649	1	29903	1	false
572	DR0274	20B	8.506944	good	16	0	0	0	0	0	8	0	0	0	89645	1	29903	1	false
573	DR0275	20A	14.062500	good	22	0	0	0	0	0	15	0	0	0	89621	1	29903	1	false
574	DR0276	20A	26.199232	good	25	2	0	0	1682	0	14	0	0	473	89591	1	29903	0.9437514630639068	false
575	DR0277	20A	69.444444	mediocre	23	0	0	0	0	0	18	0	0	0	89617	1	29903	1	false
576	DR0278	20A	415.043086	bad	21	2	0	0	5796	0	18	0	0	1823	89607	1	29903	0.8061732936494667	false
577	DR0280	20A	166.840278	bad	23	0	0	0	0	0	16	0	0	0	89617	1	29903	1	false
578	DR0283	20A	25	good	25	0	0	0	0	0	17	0	0	0	89609	1	29903	1	false
579	DR0284	20A	49.676392	mediocre	19	2	0	0	2203	0	14	0	0	646	89615	1	29903	0.9263284620272212	false
580	DR0288	20G	69.444444	mediocre	20	0	0	0	0	0	13	0	0	0	89629	1	29903	1	false
581	DR0289	20A	156.250000	bad	23	0	0	0	0	0	14	0	0	0	89617	1	29903	1	false
582	DR0290	20A	34.027778	mediocre	20	0	0	0	0	0	15	0	0	0	89629	1	29903	1	false
583	DR0291	20A	117.361111	bad	18	0	0	0	0	0	12	0	0	0	89637	1	29903	1	false
584	DR0301	20C	250.694444	bad	14	0	0	0	0	0	9	0	0	0	89653	1	29903	1	false
585	DR0303	19B	607.255586	bad	34	0	9	0	6876	0	21	0	1	2190	89565	1	29903	0.7700565160686219	false
586	DR0305	20A	117.361111	bad	18	0	0	0	0	0	13	0	0	0	89637	1	29903	1	false
587	DR0306	19A	44.444444	mediocre	12	0	0	0	0	0	8	0	0	0	89661	1	29903	1	false
588	DR0307	20A	291.840278	bad	23	0	0	0	0	0	16	0	0	0	89617	1	29903	1	false
589	DR0308	20A	135.506845	bad	20	5	0	0	3443	0	12	1	0	999	89595	1	29903	0.8848610507306959	false
590	DR0309	20A	78.300278	mediocre	25	2	0	0	2622	0	18	0	0	780	89591	1	29903	0.9123164899842824	false
591	DR0310	20A	39.062500	mediocre	21	0	0	0	0	0	15	0	0	0	89625	1	29903	1	false
592	DR0311	19B	189.062500	bad	29	0	0	0	0	0	16	0	0	0	89593	1	29903	1	false
593	DR0320	20A	333.696351	bad	21	4	0	1	4892	0	13	2	0	1572	89598	1	29903	0.8364043741430626	false
594	DR0321	20A	467.694105	bad	24	2	0	0	6138	0	18	0	0	1926	89595	1	29903	0.7947363140821991	false
595	DR0322	20G	6.250000	good	24	0	0	0	253	0	17	0	0	8	89613	1	29903	0.99153931043708	false
596	DR0324	20A	34.179273	mediocre	28	2	0	0	1813	0	20	0	0	540	89579	1	29903	0.9393706317091932	false
597	DR0325	20A	153.904664	bad	29	41	0	1	3455	0	21	14	0	1115	89454	1	29903	0.8844597532020199	false
598	DR0327	19A	84.027778	mediocre	15	0	0	0	0	0	11	0	0	0	89649	1	29903	1	false
599	DR0328	20A	62.673611	mediocre	25	0	0	0	0	0	19	0	0	0	89609	1	29903	1	false
600	DR0260	20J (Gamma, V3)	367.361111	bad	28	0	0	0	0	0	22	0	0	0	89597	1	29903	1	false
